,,,,,,,,Tackles,Tackles,Tackles,Tackles,Tackles,Vs Dribbles,Vs Dribbles,Vs Dribbles,Vs Dribbles,Pressures,Pressures,Pressures,Pressures,Pressures,Pressures,Blocks,Blocks,Blocks,Blocks,,,,
Rk,Player,Nation,Pos,Squad,Age,Born,90s,Tkl,TklW,Def 3rd,Mid 3rd,Att 3rd,Tkl,Att,Tkl%,Past,Press,Succ,%,Def 3rd,Mid 3rd,Att 3rd,Blocks,Sh,ShSv,Pass,Int,Clr,Err,Matches
1,Patrick van Aanholt\Patrick-van-Aanholt,nl NED,DF,Crystal Palace,28,1990,21.0,40,28,25,13,2,15,40,37.5,25,198,50,25.3,125,48,25,40,8,1,32,35,52,3,Matches
2,Max Aarons\Max-Aarons,eng ENG,DF,Norwich City,19,2000,27.0,45,24,29,10,6,17,38,44.7,21,390,105,26.9,216,119,55,70,23,0,47,21,62,0,Matches
3,Tammy Abraham\Tammy-Abraham,eng ENG,FW,Chelsea,21,1997,21.6,12,8,2,5,5,3,13,23.1,10,380,110,28.9,14,149,217,21,5,0,16,4,24,0,Matches
4,Che Adams\Che-Adams,eng ENG,FW,Southampton,23,1996,8.1,2,1,1,1,0,0,4,0.0,4,171,40,23.4,6,74,91,5,0,0,5,2,7,0,Matches
5,Adrián\Adrian,es ESP,GK,Liverpool,32,1987,9.7,0,0,0,0,0,0,1,0.0,1,2,0,0.0,2,0,0,0,0,0,0,0,0,2,Matches
6,Sergio Agüero\Sergio-Aguero,ar ARG,FW,Manchester City,31,1988,15.6,7,5,0,4,3,1,5,20.0,4,220,56,25.5,13,73,134,15,2,0,13,3,3,0,Matches
7,Albian Ajeti\Albian-Ajeti,ch SUI,MFFW,West Ham,22,1997,1.4,1,0,0,0,1,0,0,,0,21,1,4.8,3,6,12,0,0,0,0,1,0,0,Matches
8,Nathan Aké\Nathan-Ake,nl NED,DF,Bournemouth,24,1995,22.4,17,7,14,3,0,4,17,23.5,13,181,50,27.6,120,53,8,48,22,0,26,29,151,1,Matches
9,Marc Albrighton\Marc-Albrighton,eng ENG,MF,Leicester City,29,1989,5.3,12,6,5,6,1,2,17,11.8,15,114,36,31.6,19,65,30,6,0,0,6,5,4,0,Matches
10,Toby Alderweireld\Toby-Alderweireld,be BEL,DF,Tottenham,30,1989,26.9,36,20,21,12,3,12,34,35.3,22,220,72,32.7,144,69,7,62,30,1,32,23,197,3,Matches
11,Trent Alexander-Arnold\Trent-Alexander-Arnold,eng ENG,DF,Liverpool,20,1998,28.3,46,20,30,12,4,27,74,36.5,47,352,113,32.1,166,109,77,47,8,0,39,36,87,1,Matches
12,Alisson\Alisson,br BRA,GK,Liverpool,26,1992,19.3,0,0,0,0,0,0,2,0.0,2,4,1,25.0,4,0,0,0,0,0,0,1,1,1,Matches
13,Dele Alli\Dele-Alli,eng ENG,MFFW,Tottenham,23,1996,19.6,38,28,10,21,7,7,31,22.6,24,464,130,28.0,107,224,133,50,7,0,43,13,15,0,Matches
14,Miguel Almirón\Miguel-Almiron,py PAR,FWMF,Newcastle Utd,25,1994,26.4,45,25,25,14,6,7,34,20.6,27,623,142,22.8,211,238,174,36,1,0,35,26,13,0,Matches
15,Marcos Alonso\Marcos-Alonso,es ESP,DF,Chelsea,28,1990,9.5,19,12,11,5,3,5,22,22.7,17,148,63,42.6,61,56,31,22,0,0,22,14,31,0,Matches
16,Steven Alzate\Steven-Alzate,co COL,MFDF,Brighton,20,1998,13.1,28,23,23,3,2,10,22,45.5,12,235,77,32.8,99,94,42,26,3,0,23,13,14,0,Matches
17,Ibrahim Amadou\Ibrahim-Amadou,fr FRA,DFMF,Norwich City,26,1993,8.4,21,7,12,8,1,3,11,27.3,8,107,26,24.3,64,40,3,8,6,0,2,17,58,1,Matches
18,Felipe Anderson\Felipe-Anderson,br BRA,MFFW,West Ham,26,1993,15.7,44,30,19,18,7,10,44,22.7,34,350,99,28.3,87,177,86,21,1,0,20,21,13,0,Matches
19,Florin Andone\Florin-Andone,ro ROU,MFFW,Brighton,26,1993,0.8,2,2,0,1,1,0,0,,0,7,1,14.3,1,3,3,1,1,0,0,0,1,0,Matches
20,Angeliño\Angelino,es ESP,DF,Manchester City,22,1997,4.7,8,5,4,3,1,5,6,83.3,1,47,18,38.3,14,25,8,4,0,0,4,9,18,0,Matches
21,Faustino Anjorin\Faustino-Anjorin,eng ENG,FW,Chelsea,17,2001,0.2,1,0,1,0,0,0,0,,0,2,1,50.0,0,2,0,1,0,0,1,0,0,0,Matches
22,Michail Antonio\Michail-Antonio,eng ENG,FWMF,West Ham,29,1990,11.4,12,8,4,4,4,2,9,22.2,7,231,47,20.3,19,114,98,12,4,0,8,9,5,0,Matches
23,Stuart Armstrong\Stuart-Armstrong,sco SCO,MF,Southampton,27,1992,12.7,36,17,22,9,5,8,31,25.8,23,288,91,31.6,87,133,68,20,3,0,17,5,16,1,Matches
24,Kepa Arrizabalaga\Kepa-Arrizabalaga,es ESP,GK,Chelsea,24,1994,25.0,0,0,0,0,0,0,1,0.0,1,2,0,0.0,2,0,0,0,0,0,0,1,1,2,Matches
25,Christian Atsu\Christian-Atsu,gh GHA,FWMF,Newcastle Utd,27,1992,8.1,12,9,4,6,2,4,15,26.7,11,241,47,19.5,98,103,40,28,1,0,27,2,6,0,Matches
26,Pierre-Emerick Aubameyang\Pierre-Emerick-Aubameyang,ga GAB,FW,Arsenal,30,1989,25.6,30,19,12,10,8,8,34,23.5,26,456,104,22.8,85,203,168,43,1,0,42,8,13,0,Matches
27,Serge Aurier\Serge-Aurier,ci CIV,DF,Tottenham,26,1992,21.3,76,43,49,22,5,23,47,48.9,24,409,123,30.1,193,160,56,44,6,0,38,31,78,0,Matches
28,Jordan Ayew\Jordan-Ayew,gh GHA,FWMF,Crystal Palace,27,1991,26.6,32,19,10,9,13,8,29,27.6,21,823,184,22.4,147,412,264,24,5,0,19,10,16,0,Matches
29,César Azpilicueta\Cesar-Azpilicueta,es ESP,DF,Chelsea,29,1989,26.9,77,49,37,30,10,29,56,51.8,27,427,138,32.3,175,180,72,61,16,0,45,49,112,0,Matches
30,Eric Bailly\Eric-Bailly,ci CIV,DF,Manchester Utd,25,1994,1.1,0,0,0,0,0,0,1,0.0,1,15,3,20.0,9,6,0,3,3,0,0,2,6,0,Matches
31,Leighton Baines\Leighton-Baines,eng ENG,DF,Everton,34,1984,3.7,10,6,7,2,1,2,7,28.6,5,44,12,27.3,24,8,12,10,2,0,8,5,12,0,Matches
32,Fabián Balbuena\Fabian-Balbuena,py PAR,DF,West Ham,27,1991,12.0,18,11,14,3,1,6,25,24.0,19,107,36,33.6,82,22,3,24,6,0,18,24,84,1,Matches
33,George Baldock\George-Baldock,eng ENG,DF,Sheffield Utd,26,1993,28.0,62,39,38,13,11,20,36,55.6,16,431,126,29.2,191,156,84,45,4,0,41,30,66,2,Matches
34,Phil Bardsley\Phil-Bardsley,sco SCO,DF,Burnley,34,1985,14.0,43,25,15,22,6,16,23,69.6,7,161,40,24.8,63,85,13,26,7,1,19,17,56,0,Matches
35,Ross Barkley\Ross-Barkley,eng ENG,MF,Chelsea,25,1993,7.5,12,7,6,5,1,2,11,18.2,9,126,33,26.2,10,68,48,8,1,1,7,6,9,0,Matches
36,Ashley Barnes\Ashley-Barnes,at AUT,FW,Burnley,29,1989,15.1,6,4,1,3,2,2,13,15.4,11,275,63,22.9,20,121,134,17,4,0,13,6,14,0,Matches
37,Harvey Barnes\Harvey-Barnes,eng ENG,MF,Leicester City,21,1997,19.1,20,11,9,8,3,5,23,21.7,18,284,68,23.9,60,131,93,20,4,0,16,5,6,1,Matches
38,Chris Basham\Chris-Basham,eng ENG,DF,Sheffield Utd,31,1988,27.1,60,35,41,15,4,22,57,38.6,35,301,100,33.2,192,83,26,43,13,1,30,58,206,2,Matches
39,Borja Bastón\Borja-Baston,es ESP,MFFW,Aston Villa,26,1992,0.2,0,0,0,0,0,0,2,0.0,2,10,1,10.0,0,9,1,1,0,0,1,0,1,1,Matches
40,Michy Batshuayi\Michy-Batshuayi,be BEL,FW,Chelsea,25,1993,2.5,2,1,2,0,0,0,2,0.0,2,72,17,23.6,5,34,33,4,2,0,2,0,1,0,Matches
41,Jan Bednarek\Jan-Bednarek,pl POL,DF,Southampton,23,1996,27.0,56,31,39,11,6,29,63,46.0,34,274,85,31.0,178,85,11,50,20,0,30,56,268,4,Matches
42,Héctor Bellerín\Hector-Bellerin,es ESP,DF,Arsenal,24,1995,6.9,14,10,7,5,2,6,22,27.3,16,100,23,23.0,39,48,13,16,3,0,13,9,20,0,Matches
43,Ryan Bennett\Ryan-Bennett,eng ENG,DF,Wolves,29,1990,6.7,4,3,4,0,0,2,7,28.6,5,61,15,24.6,41,19,1,15,7,0,8,9,45,1,Matches
44,Nabil Bentaleb\Nabil-Bentaleb,dz ALG,MF,Newcastle Utd,24,1994,3.0,8,6,4,4,0,3,7,42.9,4,56,12,21.4,17,33,6,5,0,0,5,10,6,0,Matches
45,Christian Benteke\Christian-Benteke,be BEL,FW,Crystal Palace,28,1990,10.2,7,5,0,5,2,0,5,0.0,5,141,34,24.1,3,61,77,12,5,0,7,4,20,0,Matches
46,Jóhann Berg Guðmundsson\Johann-Berg-Gudmundsson,is ISL,MF,Burnley,28,1990,4.5,4,3,1,0,3,1,5,20.0,4,64,13,20.3,20,22,22,6,1,0,5,5,5,0,Matches
47,Sander Berge\Sander-Berge,no NOR,MF,Sheffield Utd,21,1998,2.3,7,4,2,5,0,1,3,33.3,2,73,21,28.8,13,41,19,8,0,0,8,3,1,0,Matches
48,Steven Bergwijn\Steven-Bergwijn,nl NED,FWMF,Tottenham,21,1997,4.6,4,3,0,3,1,2,5,40.0,3,73,25,34.2,11,41,21,4,0,0,4,2,1,0,Matches
49,Bernard\Bernard,br BRA,MFFW,Everton,26,1992,11.4,21,11,8,7,6,6,34,17.6,28,224,57,25.4,48,123,53,20,1,0,19,11,6,0,Matches
50,Bernardo\Bernardo,br BRA,DF,Brighton,24,1995,6.0,26,14,13,5,8,11,17,64.7,6,114,40,35.1,50,44,20,11,2,0,9,4,19,0,Matches
51,Ryan Bertrand\Ryan-Bertrand,eng ENG,DF,Southampton,29,1989,22.5,36,23,16,13,7,14,42,33.3,28,295,122,41.4,107,115,73,40,8,0,32,25,48,1,Matches
52,Muhamed Bešić\Muhamed-Besic,ba BIH,MF,Sheffield Utd,26,1992,2.7,9,6,6,3,0,2,6,33.3,4,71,17,23.9,29,33,9,4,0,0,4,2,5,0,Matches
53,Philip Billing\Philip-Billing,dk DEN,MF,Bournemouth,23,1996,24.1,71,43,28,35,8,16,61,26.2,45,602,141,23.4,193,331,78,77,16,0,61,63,108,1,Matches
54,Yves Bissouma\Yves-Bissouma,ml MLI,MF,Brighton,22,1996,7.4,31,20,18,11,2,12,19,63.2,7,186,53,28.5,65,94,27,9,1,0,8,8,12,0,Matches
55,Willy Boly\Willy-Boly,fr FRA,DF,Wolves,28,1991,13.0,39,26,28,11,0,16,33,48.5,17,186,68,36.6,131,53,2,29,10,0,19,25,87,1,Matches
56,Gaëtan Bong\Gaetan-Bong,cm CMR,MFDF,Brighton,31,1988,0.6,0,0,0,0,0,0,0,,0,12,7,58.3,6,4,2,2,1,0,1,0,0,0,Matches
57,Sofiane Boufal\Sofiane-Boufal,ma MAR,MFFW,Southampton,25,1993,8.4,20,11,10,8,2,3,13,23.1,10,214,69,32.2,54,93,67,17,0,0,17,3,2,0,Matches
58,Jarrod Bowen\Jarrod-Bowen,eng ENG,FWMF,West Ham,22,1996,2.0,6,5,1,2,3,2,5,40.0,3,61,15,24.6,26,23,12,4,0,0,4,5,2,0,Matches
59,Robbie Brady\Robbie-Brady,ie IRL,MF,Burnley,27,1992,4.4,8,4,5,3,0,1,7,14.3,6,116,24,20.7,41,49,26,9,1,0,8,3,8,0,Matches
60,Claudio Bravo\Claudio-Bravo,cl CHI,GK,Manchester City,36,1983,3.8,0,0,0,0,0,0,0,,0,0,0,,0,0,0,0,0,0,0,0,0,1,Matches
61,Armando Broja\Armando-Broja,al ALB,FW,Chelsea,17,2001,0.0,0,0,0,0,0,0,0,,0,3,0,0.0,0,2,1,0,0,0,0,0,0,0,Matches
62,Josh Brownhill\Josh-Brownhill,eng ENG,MF,Burnley,23,1995,0.0,0,0,0,0,0,0,0,,0,0,0,,0,0,0,0,0,0,0,0,0,0,Matches
63,Emi Buendía\Emi-Buendia,ar ARG,FWMF,Norwich City,22,1996,22.4,71,49,50,15,6,18,89,20.2,71,680,168,24.7,260,295,125,60,5,1,55,19,25,1,Matches
64,Dan Burn\Dan-Burn,eng ENG,DF,Brighton,27,1992,23.9,53,33,28,19,6,18,45,40.0,27,368,133,36.1,193,132,43,49,15,0,34,33,98,0,Matches
65,Sam Byram\Sam-Byram,eng ENG,DF,Norwich City,25,1993,14.4,46,23,28,11,7,24,49,49.0,25,236,74,31.4,126,83,27,50,10,0,40,24,75,0,Matches
66,Willy Caballero\Willy-Caballero,ar ARG,GK,Chelsea,37,1981,4.0,0,0,0,0,0,0,0,,0,0,0,,0,0,0,0,0,0,0,0,1,0,Matches
67,Gary Cahill\Gary-Cahill,eng ENG,DF,Crystal Palace,33,1985,20.0,14,9,10,4,0,4,11,36.4,7,93,32,34.4,66,19,8,41,23,0,18,14,116,0,Matches
68,Dominic Calvert-Lewin\Dominic-Calvert-Lewin,eng ENG,FW,Everton,22,1997,21.2,13,10,1,7,5,3,14,21.4,11,383,105,27.4,8,154,221,17,5,0,12,4,22,0,Matches
69,Víctor Camarasa\Victor-Camarasa,es ESP,MF,Crystal Palace,25,1994,0.1,0,0,0,0,0,0,0,,0,0,0,,0,0,0,0,0,0,0,0,0,0,Matches
70,João Cancelo\Joao-Cancelo,pt POR,DF,Manchester City,25,1994,8.7,29,17,17,9,3,11,28,39.3,17,113,38,33.6,44,48,21,6,1,0,5,16,20,0,Matches
71,Todd Cantwell\Todd-Cantwell,eng ENG,FW,Norwich City,21,1998,23.1,41,27,19,17,5,15,63,23.8,48,498,128,25.7,152,231,115,48,4,0,44,14,32,0,Matches
72,Étienne Capoue\Etienne-Capoue,fr FRA,MF,Watford,31,1988,23.8,71,49,38,28,5,31,81,38.3,50,557,153,27.5,241,249,67,44,8,0,36,56,63,0,Matches
73,Andy Carroll\Andy-Carroll,eng ENG,FW,Newcastle Utd,30,1989,5.6,7,1,3,1,3,2,7,28.6,5,75,23,30.7,13,38,24,6,3,0,3,1,18,0,Matches
74,Jonny Castro\Jonny-Castro,es ESP,DF,Wolves,25,1994,24.4,79,46,45,27,7,29,76,38.2,47,582,172,29.6,252,235,95,60,7,0,53,45,38,2,Matches
75,Craig Cathcart\Craig-Cathcart,nir NIR,DF,Watford,30,1989,26.2,34,25,18,15,1,9,27,33.3,18,180,63,35.0,100,72,8,35,16,1,19,18,183,2,Matches
76,Dani Ceballos\Dani-Ceballos,es ESP,MF,Arsenal,22,1996,10.1,27,16,13,9,5,10,37,27.0,27,274,77,28.1,123,117,34,13,3,0,10,12,9,1,Matches
77,Nathaniel Chalobah\Nathaniel-Chalobah,eng ENG,MF,Watford,24,1994,8.6,23,14,8,11,4,6,23,26.1,17,190,55,28.9,63,98,29,12,5,0,7,12,29,0,Matches
78,Calum Chambers\Calum-Chambers,eng ENG,DF,Arsenal,24,1995,12.3,25,18,14,8,3,9,12,75.0,3,143,51,35.7,77,41,25,21,7,0,14,15,61,0,Matches
79,Ben Chilwell\Ben-Chilwell,eng ENG,DF,Leicester City,22,1996,22.9,43,22,27,13,3,16,47,34.0,31,365,103,28.2,169,144,52,53,7,0,46,25,82,0,Matches
80,Tahith Chong\Tahith-Chong,nl NED,FWMF,Manchester Utd,19,1999,0.4,0,0,0,0,0,0,0,,0,15,4,26.7,4,3,8,0,0,0,0,0,0,0,Matches
81,Hamza Choudhury\Hamza-Choudhury,eng ENG,MF,Leicester City,21,1997,8.7,19,13,8,9,2,5,26,19.2,21,173,58,33.5,75,77,21,20,7,0,13,26,17,0,Matches
82,Andreas Christensen\Andreas-Christensen,dk DEN,DF,Chelsea,23,1996,14.0,36,19,21,13,2,9,17,52.9,8,117,47,40.2,62,52,3,14,6,0,8,21,82,0,Matches
83,Ciaran Clark\Ciaran-Clark,ie IRL,DF,Newcastle Utd,29,1989,13.2,22,12,20,2,0,3,7,42.9,4,122,44,36.1,88,28,6,25,13,0,12,13,98,0,Matches
84,Leon Clarke\Leon-Clarke,eng ENG,MF,Sheffield Utd,34,1985,0.1,0,0,0,0,0,0,0,,0,9,4,44.4,2,5,2,0,0,0,0,0,0,0,Matches
85,Tom Cleverley\Tom-Cleverley,eng ENG,MF,Watford,29,1989,7.3,15,9,4,10,1,7,26,26.9,19,188,54,28.7,63,97,28,14,3,0,11,6,10,0,Matches
86,Conor Coady\Conor-Coady,eng ENG,DF,Wolves,26,1993,29.0,39,21,33,6,0,19,37,51.4,18,175,61,34.9,131,44,0,32,13,0,19,18,126,0,Matches
87,Séamus Coleman\Seamus-Coleman,ie IRL,DF,Everton,30,1988,13.2,31,18,17,11,3,12,19,63.2,7,136,45,33.1,70,47,19,28,5,0,23,18,40,1,Matches
88,Aaron Connolly\Aaron-Connolly,ie IRL,FW,Brighton,19,2000,9.3,6,4,1,3,2,3,10,30.0,7,174,49,28.2,10,68,96,6,1,0,5,0,1,0,Matches
89,Lewis Cook\Lewis-Cook,eng ENG,MF,Bournemouth,22,1997,11.2,18,10,9,8,1,8,34,23.5,26,272,51,18.8,91,145,36,15,6,0,9,19,14,0,Matches
90,Steve Cook\Steve-Cook,eng ENG,DF,Bournemouth,28,1991,20.5,15,8,10,5,0,5,17,29.4,12,126,42,33.3,92,28,6,39,25,0,14,35,195,1,Matches
91,Jack Cork\Jack-Cork,eng ENG,MF,Burnley,30,1989,26.3,35,25,10,18,7,9,58,15.5,49,552,164,29.7,140,311,101,51,12,0,39,24,56,0,Matches
92,Aaron Cresswell\Aaron-Cresswell,eng ENG,DF,West Ham,29,1989,22.5,40,24,20,17,3,20,51,39.2,31,295,94,31.9,158,112,25,52,9,0,43,26,71,2,Matches
93,Patrick Cutrone\Patrick-Cutrone,it ITA,FW,Wolves,21,1998,3.2,6,4,3,1,2,1,5,20.0,4,95,26,27.4,9,43,43,1,1,0,0,2,1,0,Matches
94,Diogo Dalot\Diogo-Dalot,pt POR,DF,Manchester Utd,20,1999,0.7,3,2,3,0,0,2,4,50.0,2,8,4,50.0,3,2,3,1,0,0,1,2,4,0,Matches
95,Charlie Daniels\Charlie-Daniels,eng ENG,DF,Bournemouth,32,1986,1.4,1,0,0,1,0,1,2,50.0,1,26,5,19.2,20,6,0,5,1,0,4,1,4,1,Matches
96,Scott Dann\Scott-Dann,eng ENG,DF,Crystal Palace,32,1987,7.1,7,1,6,1,0,5,6,83.3,1,23,9,39.1,20,3,0,11,4,0,7,7,51,0,Matches
97,Kevin Danso\Kevin-Danso,at AUT,DF,Southampton,20,1998,3.1,8,4,4,4,0,5,8,62.5,3,41,10,24.4,26,13,2,9,4,0,5,3,15,0,Matches
98,Ben Davies\Ben-Davies,wal WAL,DF,Tottenham,26,1993,7.0,13,6,5,7,1,2,9,22.2,7,114,30,26.3,54,50,10,22,7,0,15,10,31,1,Matches
99,Tom Davies\Tom-Davies,eng ENG,MF,Everton,21,1998,15.2,25,12,8,12,5,4,28,14.3,24,304,71,23.4,101,157,46,28,3,0,25,26,18,1,Matches
100,Keinan Davis\Keinan-Davis,eng ENG,FW,Aston Villa,21,1998,1.4,1,1,0,1,0,0,2,0.0,2,25,8,32.0,0,11,14,1,1,0,0,0,1,0,Matches
101,Craig Dawson\Craig-Dawson,eng ENG,DF,Watford,29,1990,17.2,19,11,9,10,0,8,21,38.1,13,128,50,39.1,73,50,5,36,21,0,15,22,114,0,Matches
102,Kevin De Bruyne\Kevin-De-Bruyne,be BEL,MF,Manchester City,28,1991,24.0,32,19,7,16,9,10,53,18.9,43,442,128,29.0,69,187,186,28,2,0,26,13,17,0,Matches
103,Troy Deeney\Troy-Deeney,eng ENG,FW,Watford,31,1988,16.7,18,13,1,11,6,8,23,34.8,15,319,77,24.1,37,154,128,14,2,0,12,10,19,0,Matches
104,Fabian Delph\Fabian-Delph,eng ENG,MF,Everton,29,1989,13.2,29,11,11,11,7,11,32,34.4,21,189,55,29.1,76,87,26,22,6,0,16,16,19,1,Matches
105,Leander Dendoncker\Leander-Dendoncker,be BEL,DFMF,Wolves,24,1995,25.3,59,35,36,16,7,20,51,39.2,31,480,135,28.1,209,216,55,41,12,0,29,34,90,2,Matches
106,Gerard Deulofeu\Gerard-Deulofeu,es ESP,FW,Watford,25,1994,23.4,29,21,15,8,6,13,66,19.7,53,511,133,26.0,113,208,190,16,0,0,16,24,6,0,Matches
107,Eric Dier\Eric-Dier,eng ENG,MFDF,Tottenham,25,1994,9.9,23,13,11,10,2,6,20,30.0,14,163,42,25.8,66,81,16,19,8,0,11,9,50,0,Matches
108,Lucas Digne\Lucas-Digne,fr FRA,DF,Everton,26,1993,24.9,65,25,42,17,6,26,53,49.1,27,373,94,25.2,174,126,73,41,5,0,36,35,99,1,Matches
109,Virgil van Dijk\Virgil-van-Dijk,nl NED,DF,Liverpool,28,1991,29.0,28,19,19,8,1,6,14,42.9,8,108,39,36.1,71,28,9,25,12,0,13,26,216,1,Matches
110,Issa Diop\Issa-Diop,fr FRA,DF,West Ham,22,1997,21.7,29,14,21,8,0,13,27,48.1,14,196,61,31.1,126,64,6,41,19,0,22,37,144,3,Matches
111,Moussa Djenepo\Moussa-Djenepo,ml MLI,MFDF,Southampton,21,1998,10.3,29,18,18,6,5,8,23,34.8,15,265,79,29.8,67,120,78,24,2,0,22,10,12,0,Matches
112,Matt Doherty\Matt-Doherty,ie IRL,DF,Wolves,27,1992,23.9,47,21,28,16,3,18,38,47.4,20,291,83,28.5,138,106,47,45,5,0,40,32,62,1,Matches
113,Abdoulaye Doucouré\Abdoulaye-Doucoure,fr FRA,MF,Watford,26,1993,27.2,63,44,28,28,7,14,53,26.4,39,760,185,24.3,221,378,161,43,4,0,39,25,36,0,Matches
114,Danny Drinkwater\Danny-Drinkwater,eng ENG,MF,Aston Villa,29,1990,2.9,9,5,6,2,1,1,13,7.7,12,106,22,20.8,36,58,12,3,0,0,3,5,4,1,Matches
115,Danny Drinkwater\Danny-Drinkwater,eng ENG,MF,Burnley,29,1990,0.7,2,2,1,1,0,0,1,0.0,1,23,5,21.7,10,10,3,1,0,0,1,1,0,0,Matches
116,Josip Drmić\Josip-Drmic,ch SUI,FWMF,Norwich City,26,1992,2.4,3,2,2,0,1,1,7,14.3,6,67,19,28.4,15,21,31,4,0,0,4,0,2,0,Matches
117,Martin Dúbravka\Martin-Dubravka,sk SVK,GK,Newcastle Utd,30,1989,29.0,0,0,0,0,0,0,1,0.0,1,8,0,0.0,8,0,0,2,0,0,2,1,1,3,Matches
118,Ondrej Duda\Ondrej-Duda,sk SVK,MF,Norwich City,24,1994,6.5,16,12,8,5,3,7,18,38.9,11,163,42,25.8,39,94,30,15,2,0,13,5,7,0,Matches
119,Shane Duffy\Shane-Duffy,ie IRL,DF,Brighton,27,1992,11.9,14,8,9,4,1,4,18,22.2,14,93,33,35.5,67,24,2,17,7,0,10,20,103,0,Matches
120,Paul Dummett\Paul-Dummett,wal WAL,DF,Newcastle Utd,27,1991,13.7,28,6,18,6,4,12,20,60.0,8,163,40,24.5,97,58,8,42,10,0,32,19,72,0,Matches
121,Lewis Dunk\Lewis-Dunk,eng ENG,DF,Brighton,27,1991,27.0,32,23,21,11,0,9,30,30.0,21,191,83,43.5,123,57,11,53,24,2,29,43,117,1,Matches
122,Ederson\Ederson,br BRA,GK,Manchester City,25,1993,24.1,1,1,1,0,0,1,2,50.0,1,4,0,0.0,4,0,0,0,0,0,0,2,1,3,Matches
123,John Egan\John-Egan,ie IRL,DF,Sheffield Utd,26,1992,26.9,38,23,28,10,0,16,33,48.5,17,232,82,35.3,160,66,6,53,27,0,26,42,205,4,Matches
124,Harvey Elliot\Harvey-Elliot,eng ENG,FW,Liverpool,,,0.0,0,0,0,0,0,0,0,,0,0,0,,0,0,0,0,0,0,0,0,0,0,Matches
125,Ahmed Elmohamady\Ahmed-Elmohamady,eg EGY,DF,Aston Villa,31,1987,8.5,20,13,15,4,1,8,16,50.0,8,81,21,25.9,48,24,9,10,5,0,5,10,27,0,Matches
126,Björn Engels\Bjorn-Engels,be BEL,DF,Aston Villa,24,1994,16.1,9,4,7,2,0,5,11,45.5,6,81,29,35.8,54,26,1,26,19,0,7,29,111,2,Matches
127,Christian Eriksen\Christian-Eriksen,dk DEN,MFFW,Tottenham,27,1992,12.1,19,12,12,6,1,5,23,21.7,18,260,55,21.2,83,126,51,19,1,0,18,11,11,0,Matches
128,Jonny Evans\Jonny-Evans,nir NIR,DF,Leicester City,31,1988,28.6,36,24,25,11,0,21,34,61.8,13,201,81,40.3,138,47,16,45,18,0,27,40,216,3,Matches
129,Łukasz Fabiański\Lukasz-Fabianski,pl POL,GK,West Ham,34,1985,14.5,0,0,0,0,0,0,3,0.0,3,10,2,20.0,10,0,0,0,0,0,0,1,2,2,Matches
130,Fabinho\Fabinho,br BRA,MF,Liverpool,25,1993,16.0,53,35,19,24,10,19,52,36.5,33,330,101,30.6,116,170,44,28,1,0,27,25,30,0,Matches
131,Ralf Fährmann\Ralf-Fahrmann,de GER,GK,Norwich City,30,1988,0.2,0,0,0,0,0,0,0,,0,0,0,,0,0,0,0,0,0,0,0,0,0,Matches
132,Kiko Femenía\Kiko-Femenia,es ESP,DF,Watford,28,1991,17.0,45,23,32,10,3,16,50,32.0,34,300,74,24.7,167,105,28,23,1,0,22,28,50,1,Matches
133,Bruno Fernandes\Bruno-Fernandes,pt POR,MF,Manchester Utd,24,1994,5.0,8,5,3,2,3,2,16,12.5,14,122,27,22.1,25,64,33,7,0,0,7,4,7,0,Matches
134,Gedson Fernandes\Gedson-Fernandes,pt POR,MFDF,Tottenham,20,1999,0.4,1,1,1,0,0,0,0,,0,13,4,30.8,7,5,1,1,0,0,1,0,0,0,Matches
135,Federico Fernández\Federico-Fernandez,ar ARG,DF,Newcastle Utd,30,1989,20.1,45,27,36,8,1,24,46,52.2,22,193,56,29.0,138,43,12,41,18,0,23,13,151,0,Matches
136,Fernandinho\Fernandinho,br BRA,DF,Manchester City,34,1985,22.2,37,20,26,11,0,17,38,44.7,21,170,69,40.6,86,71,13,30,13,0,17,22,89,1,Matches
137,Roberto Firmino\Roberto-Firmino,br BRA,FWMF,Liverpool,27,1991,26.9,29,21,6,12,11,10,29,34.5,19,600,178,29.7,50,272,278,39,5,0,34,5,16,0,Matches
138,John Fleck\John-Fleck,sco SCO,MF,Sheffield Utd,27,1991,24.3,33,21,15,12,6,15,61,24.6,46,481,125,26.0,129,251,101,42,3,0,39,20,22,0,Matches
139,Phil Foden\Phil-Foden,eng ENG,MFFW,Manchester City,19,2000,3.9,11,5,3,7,1,5,11,45.5,6,170,44,25.9,26,81,63,7,0,0,7,2,1,0,Matches
140,Pablo Fornals\Pablo-Fornals,es ESP,MF,West Ham,23,1996,16.3,32,21,14,14,4,14,48,29.2,34,472,109,23.1,117,220,135,37,1,0,36,15,8,0,Matches
141,Ben Foster\Ben-Foster,eng ENG,GK,Watford,36,1983,29.0,0,0,0,0,0,0,3,0.0,3,8,0,0.0,8,0,0,1,0,0,1,0,1,1,Matches
142,Dimitri Foulquier\Dimitri-Foulquier,fr FRA,MFDF,Watford,26,1993,0.6,1,1,1,0,0,0,1,0.0,1,18,6,33.3,6,9,3,2,0,0,2,2,1,0,Matches
143,Juan Foyth\Juan-Foyth,ar ARG,DF,Tottenham,21,1998,0.7,7,4,5,1,1,2,3,66.7,1,14,5,35.7,10,4,0,2,0,0,2,2,4,0,Matches
144,Simon Francis\Simon-Francis,eng ENG,DF,Bournemouth,34,1985,10.7,17,12,13,4,0,11,25,44.0,14,107,29,27.1,71,24,12,29,14,0,15,20,91,2,Matches
145,Ryan Fraser\Ryan-Fraser,sco SCO,MFFW,Bournemouth,25,1994,22.9,9,8,3,3,3,4,17,23.5,13,298,65,21.8,79,122,97,28,3,2,25,16,18,0,Matches
146,Fred\Fred,br BRA,MF,Manchester Utd,26,1993,22.5,72,47,36,31,5,26,94,27.7,68,680,188,27.6,277,316,87,62,7,0,55,36,25,0,Matches
147,Ryan Fredericks\Ryan-Fredericks,eng ENG,DF,West Ham,26,1992,18.8,67,35,48,11,8,27,55,49.1,28,260,77,29.6,152,73,35,33,8,1,25,18,66,0,Matches
148,Luke Freeman\Luke-Freeman,eng ENG,MF,Sheffield Utd,27,1992,3.6,5,4,1,2,2,2,9,22.2,7,90,23,25.6,30,38,22,9,0,0,9,8,6,0,Matches
149,Christian Fuchs\Christian-Fuchs,at AUT,DF,Leicester City,33,1986,7.0,13,9,7,6,0,8,19,42.1,11,119,39,32.8,72,43,4,27,3,0,24,13,37,0,Matches
150,Eric García\Eric-Garcia,es ESP,DF,Manchester City,18,2001,3.0,6,2,4,2,0,3,3,100.0,0,28,8,28.6,18,10,0,7,0,0,7,5,20,0,Matches
151,James Garner\James-Garner,eng ENG,MF,Manchester Utd,18,2001,0.1,0,0,0,0,0,0,1,0.0,1,2,0,0.0,0,2,0,0,0,0,0,0,1,0,Matches
152,Dwight Gayle\Dwight-Gayle,eng ENG,FW,Newcastle Utd,28,1990,4.2,5,5,0,5,0,1,2,50.0,1,54,18,33.3,7,25,22,4,0,0,4,1,2,0,Matches
153,Paulo Gazzaniga\Paulo-Gazzaniga,ar ARG,GK,Tottenham,27,1992,17.9,0,0,0,0,0,0,0,,0,1,0,0.0,1,0,0,0,0,0,0,0,0,0,Matches
154,Jean-Philippe Gbamin\Jean-Philippe-Gbamin,ci CIV,MF,Everton,23,1995,1.5,5,4,2,1,2,1,4,25.0,3,29,13,44.8,13,11,5,2,0,0,2,1,6,0,Matches
155,David de Gea\David-de-Gea,es ESP,GK,Manchester Utd,28,1990,29.0,0,0,0,0,0,0,0,,0,1,0,0.0,1,0,0,0,0,0,0,0,1,2,Matches
156,Anwar El Ghazi\Anwar-El-Ghazi,nl NED,FWMF,Aston Villa,24,1995,18.7,15,9,9,5,1,5,17,29.4,12,297,66,22.2,56,135,106,16,1,0,15,9,8,0,Matches
157,Morgan Gibbs-White\Morgan-Gibbs-White,eng ENG,MFFW,Wolves,19,2000,1.4,0,0,0,0,0,0,0,,0,23,7,30.4,5,12,6,2,0,0,2,1,0,0,Matches
158,Billy Gilmour\Billy-Gilmour,sco SCO,MF,Chelsea,18,2001,1.1,2,2,1,1,0,1,2,50.0,1,15,6,40.0,5,9,1,2,0,0,2,1,0,0,Matches
159,Olivier Giroud\Olivier-Giroud,fr FRA,FW,Chelsea,32,1986,4.9,1,1,0,1,0,0,5,0.0,5,105,34,32.4,5,55,45,8,5,0,3,1,5,0,Matches
160,Ben Godfrey\Ben-Godfrey,eng ENG,DF,Norwich City,21,1998,20.4,23,15,20,2,1,8,19,42.1,11,156,56,35.9,110,43,3,34,22,0,12,18,120,3,Matches
161,André Gomes\Andre-Gomes,pt POR,MF,Everton,26,1993,8.8,19,14,7,9,3,5,36,13.9,31,200,55,27.5,55,116,29,12,0,0,12,3,7,0,Matches
162,Angel Gomes\Angel-Gomes,eng ENG,MF,Manchester Utd,18,2000,0.2,0,0,0,0,0,0,0,,0,11,1,9.1,6,4,1,1,0,0,1,0,0,0,Matches
163,Joe Gomez\Joe-Gomez,eng ENG,DF,Liverpool,22,1997,14.2,20,12,13,7,0,7,14,50.0,7,102,39,38.2,66,34,2,18,6,0,12,22,61,1,Matches
164,Anthony Gordon\Anthony-Gordon,eng ENG,MFFW,Everton,18,2001,0.7,1,0,1,0,0,1,3,33.3,2,30,5,16.7,8,16,6,2,0,0,2,2,0,0,Matches
165,Dan Gosling\Dan-Gosling,eng ENG,MF,Bournemouth,29,1990,9.8,20,14,14,3,3,5,20,25.0,15,230,58,25.2,82,100,48,26,7,0,19,12,23,0,Matches
166,Andre Gray\Andre-Gray,eng ENG,FW,Watford,28,1991,8.0,5,5,0,1,4,1,1,100.0,0,155,43,27.7,13,59,83,3,1,0,2,1,2,0,Matches
167,Demarai Gray\Demarai-Gray,eng ENG,MFFW,Leicester City,23,1996,4.6,7,4,6,1,0,2,9,22.2,7,105,29,27.6,26,52,27,9,0,0,9,4,1,0,Matches
168,Jack Grealish\Jack-Grealish,eng ENG,FWMF,Aston Villa,23,1995,25.9,29,23,11,10,8,5,24,20.8,19,453,117,25.8,125,185,143,46,11,0,35,16,10,1,Matches
169,Mason Greenwood\Mason-Greenwood,eng ENG,FWMF,Manchester Utd,17,2001,7.2,12,9,4,3,5,3,10,30.0,7,126,41,32.5,25,56,45,8,0,0,8,3,2,0,Matches
170,Arnaut Groeneveld\Arnaut-Groeneveld,nl NED,MF,Bournemouth,22,1997,4.5,2,1,0,2,0,1,6,16.7,5,58,23,39.7,19,22,17,1,0,0,1,7,6,0,Matches
171,Pascal Groß\Pascal-Gross,de GER,MFFW,Brighton,28,1991,16.6,26,16,4,15,7,7,26,26.9,19,325,88,27.1,66,156,103,21,1,0,20,5,9,0,Matches
172,Vicente Guaita\Vicente-Guaita,es ESP,GK,Crystal Palace,32,1987,27.0,0,0,0,0,0,0,1,0.0,1,2,1,50.0,2,0,0,0,0,0,0,0,0,1,Matches
173,Mattéo Guendouzi\Matteo-Guendouzi,fr FRA,MF,Arsenal,20,1999,17.7,23,12,11,8,4,10,35,28.6,25,368,103,28.0,154,166,48,38,6,0,32,27,45,0,Matches
174,Frederic Guilbert\Frederic-Guilbert,fr FRA,DF,Aston Villa,24,1994,21.1,77,38,48,21,8,33,72,45.8,39,398,110,27.6,218,129,51,62,13,0,49,44,85,1,Matches
175,İlkay Gündoğan\Ilkay-Gundogan,de GER,MF,Manchester City,28,1990,17.7,20,14,3,10,7,6,39,15.4,33,216,62,28.7,53,117,46,22,4,0,18,28,12,0,Matches
176,Angus Gunn\Angus-Gunn,eng ENG,GK,Southampton,23,1996,10.0,0,0,0,0,0,0,1,0.0,1,3,1,33.3,3,0,0,0,0,0,0,0,0,0,Matches
177,Sébastien Haller\Sebastien-Haller,fr FRA,FW,West Ham,25,1994,23.9,17,14,7,8,2,3,27,11.1,24,558,118,21.1,40,298,220,34,7,0,27,8,22,1,Matches
178,Grant Hanley\Grant-Hanley,sco SCO,DF,Norwich City,27,1991,14.0,27,17,16,11,0,11,19,57.9,8,143,50,35.0,97,43,3,34,20,0,14,30,103,1,Matches
179,Kortney Hause\Kortney-Hause,eng ENG,DF,Aston Villa,24,1995,11.0,23,18,20,1,2,10,19,52.6,9,137,54,39.4,87,40,10,36,18,1,18,13,72,4,Matches
180,Isaac Hayden\Isaac-Hayden,eng ENG,MF,Newcastle Utd,24,1995,21.9,53,32,28,18,7,11,44,25.0,33,426,104,24.4,195,176,55,34,8,0,26,33,29,1,Matches
181,Tom Heaton\Tom-Heaton,eng ENG,GK,Aston Villa,33,1986,19.9,0,0,0,0,0,0,2,0.0,2,3,0,0.0,3,0,0,0,0,0,0,0,1,0,Matches
182,Dean Henderson\Dean-Henderson,eng ENG,GK,Sheffield Utd,22,1997,27.0,0,0,0,0,0,0,0,,0,0,0,,0,0,0,1,0,0,1,0,1,0,Matches
183,Jordan Henderson\Jordan-Henderson,eng ENG,MF,Liverpool,29,1990,21.0,57,35,20,29,8,22,55,40.0,33,474,154,32.5,125,254,95,32,3,0,29,23,26,0,Matches
184,Jeff Hendrick\Jeff-Hendrick,ie IRL,MF,Burnley,27,1992,21.5,18,10,7,7,4,2,30,6.7,28,353,69,19.5,83,173,97,35,7,0,28,19,20,0,Matches
185,Wayne Hennessey\Wayne-Hennessey,wal WAL,GK,Crystal Palace,32,1987,2.0,0,0,0,0,0,0,0,,0,0,0,,0,0,0,0,0,0,0,0,0,0,Matches
186,Javier Hernández\Javier-Hernandez,mx MEX,FW,West Ham,31,1988,1.2,0,0,0,0,0,0,1,0.0,1,26,6,23.1,0,7,19,0,0,0,0,0,0,0,Matches
187,Onel Hernández\Onel-Hernandez,cu CUB,FWMF,Norwich City,26,1993,8.4,25,19,10,7,8,7,13,53.8,6,140,54,38.6,55,49,36,13,1,1,12,10,6,0,Matches
188,Son Heung-min\Son-Heung-min,kr KOR,FW,Tottenham,27,1992,19.4,25,16,11,12,2,9,52,17.3,43,417,102,24.5,96,188,133,14,0,0,14,10,14,0,Matches
189,Rob Holding\Rob-Holding,eng ENG,DFFW,Arsenal,23,1995,1.0,3,2,2,1,0,0,1,0.0,1,16,7,43.8,13,3,0,3,0,0,3,3,2,0,Matches
190,José Holebas\Jose-Holebas,gr GRE,DF,Watford,35,1984,11.2,24,11,19,5,0,6,24,25.0,18,174,59,33.9,90,62,22,23,3,0,20,2,39,0,Matches
191,Mason Holgate\Mason-Holgate,eng ENG,DF,Everton,22,1996,19.2,43,23,30,13,0,17,32,53.1,15,209,71,34.0,126,71,12,25,13,1,12,23,122,0,Matches
192,Nathan Holland\Nathan-Holland,eng ENG,MF,West Ham,21,1998,0.3,1,0,1,0,0,0,0,,0,13,4,30.8,5,4,4,1,0,0,1,0,0,0,Matches
193,Conor Hourihane\Conor-Hourihane,ie IRL,MF,Aston Villa,28,1991,10.5,15,9,2,10,3,7,19,36.8,12,159,28,17.6,48,69,42,16,3,0,13,7,15,0,Matches
194,Callum Hudson-Odoi\Callum-Hudson-Odoi,eng ENG,FW,Chelsea,18,2000,8.6,7,4,4,2,1,1,10,10.0,9,110,24,21.8,19,56,35,13,0,0,13,1,6,0,Matches
195,Will Hughes\Will-Hughes,eng ENG,MF,Watford,24,1995,16.8,54,30,21,23,10,20,70,28.6,50,481,115,23.9,142,230,109,48,6,0,42,22,20,0,Matches
196,Pierre Højbjerg\Pierre-Hojbjerg,dk DEN,MF,Southampton,23,1995,27.2,77,49,35,37,5,29,89,32.6,60,590,195,33.1,192,316,82,60,5,0,55,39,76,2,Matches
197,Jordon Ibe\Jordon-Ibe,eng ENG,DF,Bournemouth,23,1995,0.5,3,3,3,0,0,0,0,,0,11,3,27.3,5,5,1,0,0,0,0,0,0,0,Matches
198,Adam Idah\Adam-Idah,ie IRL,FW,Norwich City,18,2001,0.8,3,3,2,1,0,1,1,100.0,0,10,4,40.0,3,6,1,1,0,0,1,0,1,0,Matches
199,Odion Ighalo\Odion-Ighalo,ng NGA,FW,Manchester Utd,30,1989,0.3,0,0,0,0,0,0,0,,0,7,1,14.3,2,2,3,1,1,0,0,0,0,0,Matches
200,Kelechi Iheanacho\Kelechi-Iheanacho,ng NGA,FW,Leicester City,22,1996,6.5,5,4,0,3,2,3,4,75.0,1,113,32,28.3,8,52,53,2,0,0,2,1,4,0,Matches
201,Danny Ings\Danny-Ings,eng ENG,FW,Southampton,27,1992,22.3,35,24,14,14,7,12,56,21.4,44,682,172,25.2,119,297,266,52,5,0,47,7,13,0,Matches
202,Alex Iwobi\Alex-Iwobi,ng NGA,MFFW,Everton,23,1996,13.0,23,13,10,11,2,8,27,29.6,19,306,77,25.2,78,154,74,11,3,0,8,7,3,1,Matches
203,Phil Jagielka\Phil-Jagielka,eng ENG,DF,Sheffield Utd,36,1982,1.4,4,2,3,1,0,1,2,50.0,1,16,5,31.3,10,6,0,4,2,0,2,1,18,0,Matches
204,Alireza Jahanbakhsh\Alireza-Jahanbakhsh,ir IRN,FWMF,Brighton,25,1993,3.2,7,3,2,2,3,3,6,50.0,3,50,20,40.0,15,16,19,5,0,0,5,1,3,0,Matches
205,Daniel James\Daniel-James,wal WAL,FW,Manchester Utd,21,1997,24.2,25,15,6,12,7,6,41,14.6,35,549,142,25.9,119,255,175,34,4,0,30,7,8,0,Matches
206,Matty James\Matty-James,eng ENG,MF,Leicester City,28,1991,0.1,0,0,0,0,0,0,0,,0,2,2,100.0,0,1,1,0,0,0,0,0,0,0,Matches
207,Reece James\Reece-James,eng ENG,DF,Chelsea,19,1999,11.8,29,15,15,10,4,12,22,54.5,10,187,44,23.5,86,77,24,31,6,0,25,17,27,0,Matches
208,Daryl Janmaat\Daryl-Janmaat,nl NED,DF,Watford,30,1989,6.8,16,6,7,5,4,6,17,35.3,11,137,31,22.6,55,53,29,14,2,0,12,6,25,0,Matches
209,Gabriel Jesus\Gabriel-Jesus,br BRA,FW,Manchester City,22,1997,14.9,21,16,4,7,10,5,20,25.0,15,322,96,29.8,18,125,179,19,2,0,17,10,4,0,Matches
210,Raúl Jiménez\Raul-Jimenez,mx MEX,FW,Wolves,28,1991,27.4,26,20,6,13,7,2,20,10.0,18,488,115,23.6,26,245,217,25,4,0,21,13,21,0,Matches
211,Joelinton\Joelinton,br BRA,FW,Newcastle Utd,22,1996,24.9,25,15,4,13,8,9,26,34.6,17,533,118,22.1,58,282,193,26,6,1,20,10,26,0,Matches
212,Curtis Jones\Curtis-Jones,eng ENG,MF,Liverpool,18,2001,0.2,1,0,0,0,1,1,1,100.0,0,7,1,14.3,0,2,5,2,0,0,2,1,0,0,Matches
213,Phil Jones\Phil-Jones,eng ENG,DF,Manchester Utd,27,1992,1.5,4,2,2,2,0,2,2,100.0,0,18,9,50.0,12,5,1,1,0,0,1,4,19,1,Matches
214,Jorginho\Jorginho,it ITA,MF,Chelsea,27,1991,22.4,59,38,21,28,10,23,70,32.9,47,458,130,28.4,155,245,58,36,5,1,31,56,32,0,Matches
215,Jota\Jota,es ESP,FWMF,Aston Villa,28,1991,3.5,2,1,1,1,0,1,5,20.0,4,110,16,14.5,41,47,22,3,0,0,3,2,6,0,Matches
216,Diogo Jota\Diogo-Jota,pt POR,FWMF,Wolves,22,1996,19.7,31,20,13,15,3,11,35,31.4,24,494,113,22.9,108,249,137,11,0,0,11,7,7,0,Matches
217,James Justin\James-Justin,eng ENG,DF,Leicester City,21,1998,2.2,3,2,1,2,0,2,5,40.0,3,43,13,30.2,18,18,7,8,2,0,6,1,5,0,Matches
218,Christian Kabasele\Christian-Kabasele,be BEL,DF,Watford,28,1991,17.5,35,21,27,8,0,12,27,44.4,15,187,63,33.7,102,70,15,37,16,0,21,31,129,1,Matches
219,Harry Kane\Harry-Kane,eng ENG,FW,Tottenham,26,1993,19.8,13,8,3,9,1,3,14,21.4,11,350,76,21.7,18,170,162,18,7,0,11,4,19,0,Matches
220,N'Golo Kanté\NGolo-Kante,fr FRA,MF,Chelsea,28,1991,15.4,53,41,26,22,5,12,31,38.7,19,399,126,31.6,134,175,90,38,2,0,36,40,29,0,Matches
221,Moise Kean\Moise-Kean,it ITA,FWMF,Everton,19,2000,7.5,7,6,2,2,3,0,2,0.0,2,102,32,31.4,9,47,46,3,1,0,2,5,3,0,Matches
222,Michael Keane\Michael-Keane,eng ENG,DF,Everton,26,1993,19.4,30,18,19,11,0,12,21,57.1,9,134,47,35.1,87,43,4,30,11,0,19,30,141,0,Matches
223,Naby Keïta\Naby-Keita,gn GUI,MF,Liverpool,24,1995,4.1,15,12,5,8,2,7,13,53.8,6,114,42,36.8,22,51,41,10,0,0,10,6,2,0,Matches
224,Martin Kelly\Martin-Kelly,eng ENG,DF,Crystal Palace,29,1990,17.2,24,18,18,6,0,12,29,41.4,17,181,63,34.8,129,42,10,50,15,0,35,15,102,3,Matches
225,Max Kilman\Max-Kilman,eng ENG,DF,Wolves,22,1997,2.0,4,3,3,1,0,2,4,50.0,2,17,5,29.4,11,5,1,2,1,0,1,4,17,0,Matches
226,Joshua King\Joshua-King,no NOR,FWMF,Bournemouth,27,1992,16.3,15,11,6,6,3,1,9,11.1,8,378,89,23.5,61,170,147,20,3,0,17,5,10,0,Matches
227,Jonathan Kodjia\Jonathan-Kodjia,ci CIV,FWMF,Aston Villa,29,1989,1.2,0,0,0,0,0,0,1,0.0,1,33,9,27.3,6,15,12,2,2,0,0,0,2,0,Matches
228,Sead Kolašinac\Sead-Kolasinac,ba BIH,DF,Arsenal,26,1993,12.3,29,15,18,6,5,8,17,47.1,9,156,40,25.6,78,52,26,12,3,0,9,10,24,0,Matches
229,Ezri Konsa\Ezri-Konsa,eng ENG,DF,Aston Villa,21,1998,13.3,22,15,15,7,0,6,11,54.5,5,120,44,36.7,72,33,15,29,17,0,12,13,53,2,Matches
230,Cheikhou Kouyaté\Cheikhou-Kouyate,sn SEN,MF,Crystal Palace,29,1989,22.1,58,40,38,19,1,19,37,51.4,18,335,103,30.7,161,132,42,50,8,0,42,26,60,1,Matches
231,Mateo Kovačić\Mateo-Kovacic,hr CRO,MF,Chelsea,25,1994,18.7,61,46,23,34,4,24,63,38.1,39,428,140,32.7,128,229,71,22,1,0,21,18,14,0,Matches
232,Emil Krafth\Emil-Krafth,se SWE,DF,Newcastle Utd,24,1994,6.3,12,8,8,2,2,4,15,26.7,11,92,26,28.3,54,27,11,7,2,0,5,5,23,0,Matches
233,Tim Krul\Tim-Krul,nl NED,GK,Norwich City,31,1988,27.0,0,0,0,0,0,0,1,0.0,1,6,1,16.7,6,0,0,0,0,0,0,0,1,0,Matches
234,Alexandre Lacazette\Alexandre-Lacazette,fr FRA,FW,Arsenal,28,1991,14.6,18,15,3,11,4,3,9,33.3,6,338,84,24.9,38,161,139,10,0,0,10,5,7,0,Matches
235,Adam Lallana\Adam-Lallana,eng ENG,MFFW,Liverpool,31,1988,4.1,20,12,9,9,2,9,27,33.3,18,132,41,31.1,45,54,33,13,0,0,13,4,3,0,Matches
236,Érik Lamela\Erik-Lamela,ar ARG,MFFW,Tottenham,27,1992,10.4,21,18,5,12,4,3,17,17.6,14,260,72,27.7,62,127,71,14,2,0,12,4,5,0,Matches
237,Tariq Lamptey\Tariq-Lamptey,eng ENG,DF,Chelsea,18,2000,0.3,2,0,1,1,0,2,2,100.0,0,3,3,100.0,1,1,1,0,0,0,0,0,0,0,Matches
238,Henri Lansbury\Henri-Lansbury,eng ENG,MF,Aston Villa,28,1990,2.1,5,2,3,1,1,0,4,0.0,4,60,18,30.0,23,18,19,6,0,0,6,0,1,0,Matches
239,Manuel Lanzini\Manuel-Lanzini,ar ARG,MFFW,West Ham,26,1993,13.2,10,8,5,3,2,5,29,17.2,24,312,69,22.1,63,185,64,11,1,0,10,8,4,0,Matches
240,Aymeric Laporte\Aymeric-Laporte,fr FRA,DF,Manchester City,25,1994,5.6,5,3,3,2,0,3,7,42.9,4,29,11,37.9,16,12,1,2,2,0,0,12,23,0,Matches
241,Jamaal Lascelles\Jamaal-Lascelles,eng ENG,DF,Newcastle Utd,25,1993,18.1,15,8,11,4,0,3,11,27.3,8,130,48,36.9,89,36,5,28,16,0,12,24,128,1,Matches
242,Valentino Lazaro\Valentino-Lazaro,at AUT,DF,Newcastle Utd,23,1996,2.4,4,0,4,0,0,1,7,14.3,6,53,15,28.3,29,18,6,3,0,0,3,0,2,0,Matches
243,Moritz Leitner\Moritz-Leitner,de GER,MF,Norwich City,26,1992,7.6,18,9,10,6,2,5,20,25.0,15,160,33,20.6,85,49,26,18,5,0,13,8,6,0,Matches
244,Florian Lejeune\Florian-Lejeune,fr FRA,DF,Newcastle Utd,28,1991,4.9,8,6,6,2,0,5,9,55.6,4,58,19,32.8,39,18,1,13,2,0,11,11,27,1,Matches
245,Aaron Lennon\Aaron-Lennon,eng ENG,MF,Burnley,32,1987,5.4,15,9,7,4,4,9,14,64.3,5,143,27,18.9,37,67,39,8,2,0,6,7,6,0,Matches
246,Bernd Leno\Bernd-Leno,de GER,GK,Arsenal,27,1992,28.0,0,0,0,0,0,0,3,0.0,3,1,0,0.0,1,0,0,0,0,0,0,0,2,1,Matches
247,Jefferson Lerma\Jefferson-Lerma,co COL,MF,Bournemouth,24,1994,21.6,61,37,24,33,4,22,46,47.8,24,427,122,28.6,158,239,30,32,10,0,22,42,48,0,Matches
248,Jamal Lewis\Jamal-Lewis,nir NIR,DF,Norwich City,21,1998,16.6,38,19,28,5,5,10,30,33.3,20,271,86,31.7,162,74,35,40,8,0,32,18,54,1,Matches
249,Victor Lindelöf\Victor-Lindelof,se SWE,DF,Manchester Utd,25,1994,26.0,24,14,17,6,1,12,13,92.3,1,166,55,33.1,83,80,3,36,16,0,20,17,130,0,Matches
250,Jesse Lingard\Jesse-Lingard,eng ENG,MFFW,Manchester Utd,26,1992,9.9,12,8,5,2,5,3,14,21.4,11,323,79,24.5,59,170,94,8,1,0,7,2,1,0,Matches
251,Hugo Lloris\Hugo-Lloris,fr FRA,GK,Tottenham,32,1986,11.1,0,0,0,0,0,0,0,,0,1,0,0.0,1,0,0,0,0,0,0,0,1,2,Matches
252,Giovani Lo Celso\Giovani-Lo-Celso,ar ARG,MFFW,Tottenham,23,1996,9.7,27,22,7,17,3,6,37,16.2,31,272,92,33.8,89,142,41,14,4,0,10,5,16,0,Matches
253,Jürgen Locadia\Jurgen-Locadia,nl NED,MFFW,Brighton,25,1993,1.0,1,1,0,1,0,0,0,,0,12,6,50.0,0,6,6,0,0,0,0,0,0,0,Matches
254,Kevin Long\Kevin-Long,ie IRL,MF,Burnley,28,1990,0.0,0,0,0,0,0,0,0,,0,3,1,33.3,0,1,2,0,0,0,0,0,1,0,Matches
255,Shane Long\Shane-Long,ie IRL,FW,Southampton,32,1987,12.7,14,11,3,8,3,3,17,17.6,14,268,85,31.7,23,99,146,15,4,0,11,1,10,1,Matches
256,Matthew Longstaff\Matthew-Longstaff,eng ENG,MF,Newcastle Utd,19,2000,6.1,6,3,3,3,0,1,11,9.1,10,184,33,17.9,74,97,13,3,1,1,2,5,2,0,Matches
257,Sean Longstaff\Sean-Longstaff,eng ENG,MF,Newcastle Utd,21,1997,14.4,37,20,17,17,3,15,47,31.9,32,476,104,21.8,201,231,44,29,3,0,26,21,29,2,Matches
258,Dejan Lovren\Dejan-Lovren,hr CRO,DF,Liverpool,30,1989,8.4,16,9,12,4,0,7,12,58.3,5,77,22,28.6,54,22,1,13,6,0,7,10,79,1,Matches
259,Matthew Lowton\Matthew-Lowton,eng ENG,DF,Burnley,30,1989,15.0,40,22,18,19,3,21,40,52.5,19,187,56,29.9,91,69,27,39,9,1,30,25,69,1,Matches
260,David Luiz\David-Luiz,br BRA,DF,Arsenal,32,1987,24.3,30,19,19,10,1,10,23,43.5,13,160,57,35.6,118,37,5,52,30,0,22,25,140,2,Matches
261,Douglas Luiz\Douglas-Luiz,br BRA,MF,Aston Villa,21,1998,19.0,31,20,19,8,4,12,50,24.0,38,417,103,24.7,184,177,56,42,12,1,30,17,26,1,Matches
262,John Lundstram\John-Lundstram,eng ENG,MF,Sheffield Utd,25,1994,23.0,42,27,19,14,9,15,56,26.8,41,512,145,28.3,142,256,114,23,4,0,19,27,42,0,Matches
263,Alexis Mac Allister\Alexis-Mac-Allister,ar ARG,FW,Brighton,20,1998,0.1,0,0,0,0,0,0,0,,0,4,2,50.0,0,3,1,0,0,0,0,0,0,0,Matches
264,James Maddison\James-Maddison,eng ENG,MF,Leicester City,22,1996,26.7,51,36,17,21,13,20,64,31.3,44,589,185,31.4,150,318,121,18,1,0,17,10,8,1,Matches
265,Harry Maguire\Harry-Maguire,eng ENG,DF,Manchester Utd,26,1993,29.0,35,24,19,15,1,10,27,37.0,17,192,74,38.5,120,64,8,34,18,0,16,56,201,1,Matches
266,Riyad Mahrez\Riyad-Mahrez,dz ALG,FWMF,Manchester City,28,1991,15.4,24,15,7,10,7,9,39,23.1,30,315,86,27.3,59,127,129,33,0,0,33,17,7,0,Matches
267,Ainsley Maitland-Niles\Ainsley-Maitland-Niles,eng ENG,DF,Arsenal,21,1997,13.4,33,21,24,8,1,12,34,35.3,22,254,73,28.7,154,74,26,27,5,0,22,26,36,0,Matches
268,Sadio Mané\Sadio-Mane,sn SEN,FW,Liverpool,27,1992,23.2,39,28,10,20,9,13,37,35.1,24,430,131,30.5,99,147,184,23,1,0,22,10,4,0,Matches
269,Javier Manquillo\Javier-Manquillo,es ESP,DF,Newcastle Utd,25,1994,10.7,33,22,22,7,4,12,22,54.5,10,163,50,30.7,85,62,16,27,5,0,22,11,31,0,Matches
270,Solly March\Solly-March,eng ENG,DFFW,Brighton,25,1994,9.8,19,12,10,8,1,6,15,40.0,9,117,32,27.4,33,46,38,16,2,0,14,18,14,1,Matches
271,Pablo Marí\Pablo-Mari,es ESP,DF,Arsenal,25,1993,1.0,3,1,2,1,0,1,2,50.0,1,9,2,22.2,4,4,1,1,0,0,1,0,13,0,Matches
272,Adrian Mariappa\Adrian-Mariappa,jm JAM,DF,Watford,32,1986,13.6,21,10,14,5,2,9,27,33.3,18,163,50,30.7,91,59,13,29,7,0,22,10,87,1,Matches
273,Anthony Martial\Anthony-Martial,fr FRA,FW,Manchester Utd,23,1995,20.9,9,8,0,2,7,0,4,0.0,4,307,90,29.3,15,105,187,13,0,0,13,1,13,0,Matches
274,David Martin\David-Martin,eng ENG,GK,West Ham,33,1986,4.8,0,0,0,0,0,0,0,,0,1,1,100.0,1,0,0,1,0,0,1,0,0,1,Matches
275,Martinelli\Martinelli,br BRA,FW,Arsenal,18,2001,7.3,23,13,12,9,2,6,17,35.3,11,247,69,27.9,88,101,58,20,1,0,19,3,7,0,Matches
276,Adam Masina\Adam-Masina,it ITA,DF,Watford,25,1994,13.6,32,21,19,10,3,11,35,31.4,24,202,59,29.2,92,84,26,31,12,2,19,19,74,2,Matches
277,Arthur Masuaku\Arthur-Masuaku,cd COD,DF,West Ham,25,1993,10.1,41,27,27,11,3,10,28,35.7,18,213,62,29.1,122,78,13,28,3,0,25,13,29,1,Matches
278,Juan Mata\Juan-Mata,es ESP,MFFW,Manchester Utd,31,1988,8.1,8,7,2,4,2,2,13,15.4,11,114,35,30.7,18,52,44,7,1,0,6,0,1,0,Matches
279,Nemanja Matić\Nemanja-Matic,rs SRB,MF,Manchester Utd,30,1988,10.7,22,14,10,11,1,4,18,22.2,14,178,57,32.0,64,99,15,18,6,0,12,14,23,1,Matches
280,Joël Matip\Joel-Matip,cm CMR,DF,Liverpool,27,1991,7.0,12,9,5,5,2,5,12,41.7,7,60,26,43.3,34,24,2,7,3,0,4,12,75,0,Matches
281,Neal Maupay\Neal-Maupay,fr FRA,FW,Brighton,22,1996,23.5,20,13,6,9,5,4,26,15.4,22,547,147,26.9,54,212,281,24,2,0,22,4,5,0,Matches
282,James McArthur\James-McArthur,sco SCO,MF,Crystal Palace,31,1987,27.0,82,53,34,38,10,26,78,33.3,52,756,199,26.3,289,367,100,82,21,1,61,52,53,0,Matches
283,Oliver McBurnie\Oliver-McBurnie,sco SCO,FW,Sheffield Utd,23,1996,15.9,26,16,8,14,4,6,29,20.7,23,465,119,25.6,44,220,201,25,3,0,22,14,31,0,Matches
284,Alex McCarthy\Alex-McCarthy,eng ENG,GK,Southampton,29,1989,19.0,0,0,0,0,0,0,0,,0,0,0,,0,0,0,0,0,0,0,0,0,0,Matches
285,James McCarthy\James-McCarthy,ie IRL,MF,Crystal Palace,28,1990,13.0,61,34,31,26,4,19,45,42.2,26,320,82,25.6,136,144,40,24,4,0,20,22,16,0,Matches
286,John McGinn\John-McGinn,sco SCO,MF,Aston Villa,24,1994,17.1,46,31,19,17,10,18,49,36.7,31,386,109,28.2,105,189,92,24,2,0,22,16,16,1,Matches
287,David McGoldrick\David-McGoldrick,ie IRL,FW,Sheffield Utd,31,1987,15.1,33,21,7,19,7,4,12,33.3,8,381,101,26.5,32,206,143,18,3,1,15,3,18,0,Matches
288,Michael McGovern\Michael-McGovern,nir NIR,GK,Norwich City,35,1984,1.8,0,0,0,0,0,0,0,,0,0,0,,0,0,0,0,0,0,0,0,0,0,Matches
289,Kenny McLean\Kenny-McLean,sco SCO,MF,Norwich City,27,1992,25.4,38,23,21,14,3,14,43,32.6,29,484,128,26.4,183,232,69,42,5,1,37,32,61,0,Matches
290,Dwight McNeil\Dwight-McNeil,eng ENG,MF,Burnley,19,1999,28.2,45,23,17,17,11,16,48,33.3,32,578,132,22.8,155,273,150,49,2,0,47,21,22,0,Matches
291,Scott McTominay\Scott-McTominay,sco SCO,MF,Manchester Utd,22,1996,17.2,46,27,18,25,3,14,32,43.8,18,228,73,32.0,84,122,22,34,6,0,28,27,45,0,Matches
292,Ben Mee\Ben-Mee,eng ENG,DF,Burnley,29,1989,29.0,32,14,20,12,0,19,36,52.8,17,160,53,33.1,94,60,6,63,33,0,30,44,263,0,Matches
293,Benjamin Mendy\Benjamin-Mendy,fr FRA,DF,Manchester City,25,1994,12.4,17,13,7,6,4,7,25,28.0,18,119,31,26.1,50,41,28,15,2,0,13,13,33,1,Matches
294,Nampalys Mendy\Nampalys-Mendy,fr FRA,MF,Leicester City,27,1992,2.2,5,4,3,1,1,1,2,50.0,1,22,8,36.4,13,8,1,3,0,0,3,5,6,0,Matches
295,Chris Mepham\Chris-Mepham,wal WAL,DF,Bournemouth,21,1997,10.0,21,12,13,8,0,9,16,56.3,7,124,45,36.3,81,37,6,20,12,0,8,17,75,1,Matches
296,Max Meyer\Max-Meyer,de GER,MFFW,Crystal Palace,23,1995,6.1,14,7,8,6,0,3,14,21.4,11,129,33,25.6,55,60,14,11,1,0,10,6,3,0,Matches
297,Luka Milivojević\Luka-Milivojevic,rs SRB,MF,Crystal Palace,28,1991,22.1,49,31,28,19,2,22,58,37.9,36,414,101,24.4,205,175,34,35,5,0,30,34,57,1,Matches
298,James Milner\James-Milner,eng ENG,MFDF,Liverpool,33,1986,8.4,13,7,3,8,2,3,18,16.7,15,142,37,26.1,46,75,21,13,3,1,10,6,22,0,Matches
299,Yerry Mina\Yerry-Mina,co COL,DF,Everton,24,1994,23.2,40,18,27,11,2,13,25,52.0,12,207,61,29.5,135,59,13,34,15,0,19,27,167,0,Matches
300,Takumi Minamino\Takumi-Minamino,jp JPN,FWMF,Liverpool,24,1995,0.9,1,0,1,0,0,0,1,0.0,1,26,7,26.9,7,11,8,1,0,0,1,0,1,0,Matches
301,Tyrone Mings\Tyrone-Mings,eng ENG,DF,Aston Villa,26,1993,22.3,20,14,14,5,1,7,11,63.6,4,122,56,45.9,82,32,8,58,46,2,12,21,160,5,Matches
302,Henrikh Mkhitaryan\Henrikh-Mkhitaryan,am ARM,FW,Arsenal,30,1989,1.2,0,0,0,0,0,0,3,0.0,3,32,8,25.0,4,16,12,2,0,0,2,0,1,0,Matches
303,Nacho Monreal\Nacho-Monreal,es ESP,DF,Arsenal,33,1986,3.0,4,4,3,1,0,1,3,33.3,2,34,10,29.4,19,13,2,3,1,0,2,3,17,0,Matches
304,Martín Montoya\Martin-Montoya,es ESP,DF,Brighton,28,1991,19.0,45,24,29,11,5,19,47,40.4,28,339,85,25.1,151,139,49,37,5,0,32,26,50,1,Matches
305,Simon Moore\Simon-Moore,eng ENG,GK,Sheffield Utd,29,1990,1.0,0,0,0,0,0,0,0,,0,0,0,,0,0,0,0,0,0,0,0,0,0,Matches
306,Aaron Mooy\Aaron-Mooy,au AUS,MFFW,Brighton,28,1990,18.4,39,28,10,18,11,8,35,22.9,27,344,111,32.3,84,165,95,37,5,1,32,16,20,0,Matches
307,Wesley Moraes\Wesley-Moraes,br BRA,FW,Aston Villa,22,1996,19.9,14,10,2,6,6,0,5,0.0,5,313,78,24.9,17,145,151,18,6,0,12,4,26,0,Matches
308,Wes Morgan\Wes-Morgan,jm JAM,DF,Leicester City,35,1984,1.8,1,1,0,1,0,0,1,0.0,1,8,6,75.0,3,5,0,3,2,0,1,2,16,0,Matches
309,Ravel Morrison\Ravel-Morrison,eng ENG,MF,Sheffield Utd,26,1993,0.1,0,0,0,0,0,0,0,,0,3,1,33.3,0,1,2,0,0,0,0,0,0,0,Matches
310,Mason Mount\Mason-Mount,eng ENG,MFFW,Chelsea,20,1999,25.6,43,29,14,17,12,13,38,34.2,25,601,167,27.8,98,274,229,21,1,0,20,13,13,0,Matches
311,Lucas Moura\Lucas-Moura,br BRA,FWMF,Tottenham,26,1992,18.7,31,20,6,14,11,9,45,20.0,36,404,107,26.5,63,227,114,29,2,0,27,13,15,0,Matches
312,Lys Mousset\Lys-Mousset,fr FRA,FW,Sheffield Utd,23,1996,11.3,11,4,2,5,4,2,5,40.0,3,261,69,26.4,9,103,149,8,3,0,5,1,2,0,Matches
313,João Moutinho\Joao-Moutinho,pt POR,MF,Wolves,32,1986,27.1,78,48,35,35,8,37,125,29.6,88,773,188,24.3,261,427,85,53,12,0,41,38,22,2,Matches
314,Glenn Murray\Glenn-Murray,eng ENG,FW,Brighton,35,1983,7.8,3,2,0,2,1,0,4,0.0,4,119,29,24.4,8,58,53,5,1,0,4,1,7,0,Matches
315,Shkodran Mustafi\Shkodran-Mustafi,de GER,DF,Arsenal,27,1992,6.9,6,4,5,1,0,0,5,0.0,5,39,14,35.9,21,18,0,11,4,0,7,12,66,1,Matches
316,Yoshinori Mutō\Yoshinori-Muto,jp JPN,FWMF,Newcastle Utd,27,1992,2.2,3,2,0,3,0,0,3,0.0,3,51,13,25.5,7,23,21,1,0,0,1,0,0,0,Matches
317,Georges-Kévin N'Koudou\Georges-Kevin-NKoudou,fr FRA,FW,Tottenham,24,1995,0.0,0,0,0,0,0,0,1,0.0,1,7,3,42.9,0,2,5,0,0,0,0,0,0,0,Matches
318,Marvelous Nakamba\Marvelous-Nakamba,zw ZIM,MF,Aston Villa,25,1994,18.2,62,46,30,29,3,13,60,21.7,47,443,152,34.3,194,217,32,53,10,0,43,34,30,1,Matches
319,Wilfred Ndidi\Wilfred-Ndidi,ng NGA,MF,Leicester City,22,1996,21.0,85,55,41,34,10,28,81,34.6,53,537,173,32.2,201,283,53,53,5,0,48,65,64,0,Matches
320,Tanguy Ndombele\Tanguy-Ndombele,fr FRA,MF,Tottenham,22,1996,10.5,25,17,10,14,1,9,25,36.0,16,219,53,24.2,75,107,37,25,4,0,21,12,8,0,Matches
321,Reiss Nelson\Reiss-Nelson,eng ENG,FW,Arsenal,19,1999,5.1,9,5,6,2,1,6,11,54.5,5,123,21,17.1,40,56,27,12,1,0,11,3,2,0,Matches
322,Pedro Neto\Pedro-Neto,pt POR,FWMF,Wolves,19,2000,8.1,6,3,1,5,0,1,12,8.3,11,209,58,27.8,44,106,59,4,0,0,4,6,4,0,Matches
323,Rúben Neves\Ruben-Neves,pt POR,MF,Wolves,22,1997,25.3,49,32,22,24,3,26,83,31.3,57,552,131,23.7,243,276,33,48,6,0,42,42,42,0,Matches
324,Jeremy Ngakia\Jeremy-Ngakia,eng ENG,DF,West Ham,18,2000,4.0,16,11,14,2,0,5,17,29.4,12,92,29,31.5,66,25,1,8,0,0,8,5,14,0,Matches
325,Oumar Niasse\Oumar-Niasse,sn SEN,FW,Everton,29,1990,0.2,4,1,0,2,2,2,2,100.0,0,9,1,11.1,1,5,3,2,0,0,2,1,0,0,Matches
326,Eddie Nketiah\Eddie-Nketiah,eng ENG,FW,Arsenal,20,1999,2.8,3,1,1,1,1,0,4,0.0,4,64,11,17.2,2,27,35,2,0,0,2,0,2,0,Matches
327,Mark Noble\Mark-Noble,eng ENG,MF,West Ham,32,1987,23.9,41,28,18,21,2,13,61,21.3,48,441,115,26.1,148,223,70,24,4,0,20,21,12,0,Matches
328,Oliver Norwood\Oliver-Norwood,nir NIR,MF,Sheffield Utd,28,1991,26.5,62,36,35,22,5,21,76,27.6,55,484,133,27.5,224,206,54,38,12,0,26,41,53,0,Matches
329,Ørjan Nyland\Orjan-Nyland,no NOR,GK,Aston Villa,28,1990,2.0,0,0,0,0,0,0,0,,0,0,0,,0,0,0,0,0,0,0,0,0,0,Matches
330,Jack O'Connell\Jack-OConnell,eng ENG,DF,Sheffield Utd,25,1994,28.0,32,18,20,9,3,12,24,50.0,12,239,83,34.7,140,76,23,67,20,0,47,34,196,1,Matches
331,Michael Obafemi\Michael-Obafemi,ie IRL,FW,Southampton,19,2000,5.4,4,2,1,1,2,3,12,25.0,9,144,42,29.2,17,51,76,3,0,0,3,3,0,0,Matches
332,Angelo Ogbonna\Angelo-Ogbonna,it ITA,DF,West Ham,31,1988,24.0,35,26,23,9,3,12,32,37.5,20,254,91,35.8,185,55,14,56,24,0,32,25,138,0,Matches
333,Divock Origi\Divock-Origi,be BEL,FW,Liverpool,24,1995,5.7,14,10,2,7,5,4,6,66.7,2,123,41,33.3,15,52,56,4,0,0,4,3,5,0,Matches
334,Ben Osborn\Ben-Osborn,eng ENG,DFMF,Sheffield Utd,24,1994,1.4,6,4,6,0,0,3,7,42.9,4,46,13,28.3,24,14,8,6,1,0,5,0,4,0,Matches
335,Nicolás Otamendi\Nicolas-Otamendi,ar ARG,DF,Manchester City,31,1988,15.7,21,11,18,2,1,12,26,46.2,14,82,23,28.0,51,26,5,19,8,0,11,16,74,2,Matches
336,Alex Oxlade-Chamberlain\Alex-Oxlade-Chamberlain,eng ENG,MFFW,Liverpool,25,1993,12.3,18,10,4,9,5,4,20,20.0,16,294,91,31.0,67,135,92,24,2,0,22,17,5,0,Matches
337,Mesut Özil\Mesut-Ozil,de GER,MF,Arsenal,30,1988,16.1,13,10,9,4,0,2,19,10.5,17,305,63,20.7,67,178,60,9,0,0,9,5,3,0,Matches
338,Emerson Palmieri\Emerson-Palmieri,it ITA,DF,Chelsea,24,1994,11.4,22,7,9,10,3,6,13,46.2,7,125,43,34.4,37,60,28,30,2,0,28,17,22,0,Matches
339,Sokratis Papastathopoulos\Sokratis-Papastathopoulos,gr GRE,DF,Arsenal,31,1988,18.9,23,13,17,5,1,11,25,44.0,14,181,51,28.2,121,55,5,41,22,0,19,14,108,0,Matches
340,Troy Parrott\Troy-Parrott,ie IRL,MF,Tottenham,17,2002,0.1,0,0,0,0,0,0,0,,0,4,2,50.0,2,0,2,0,0,0,0,0,0,0,Matches
341,Rui Patrício\Rui-Patricio,pt POR,GK,Wolves,31,1988,29.0,0,0,0,0,0,0,1,0.0,1,3,0,0.0,3,0,0,0,0,0,0,1,1,1,Matches
342,Pedro\Pedro,es ESP,FW,Chelsea,32,1987,7.3,17,10,7,7,3,3,18,16.7,15,151,49,32.5,34,71,46,7,0,0,7,9,1,0,Matches
343,Nicolas Pépé\Nicolas-Pepe,ci CIV,FW,Arsenal,24,1995,17.7,26,17,11,12,3,9,20,45.0,11,299,73,24.4,78,133,88,17,1,0,16,7,2,0,Matches
344,Andreas Pereira\Andreas-Pereira,br BRA,MFFW,Manchester Utd,23,1996,16.1,21,12,4,11,6,10,41,24.4,31,422,113,26.8,77,232,113,23,0,0,23,6,5,0,Matches
345,Ricardo Pereira\Ricardo-Pereira,pt POR,DF,Leicester City,25,1993,28.0,122,68,71,35,16,56,121,46.3,65,563,176,31.3,272,189,102,59,8,0,51,43,97,2,Matches
346,Roberto Pereyra\Roberto-Pereyra,ar ARG,FWMF,Watford,28,1991,14.7,14,9,7,4,3,4,22,18.2,18,269,71,26.4,60,127,82,30,1,0,29,7,5,0,Matches
347,Ayoze Pérez\Ayoze-Perez,es ESP,MFFW,Leicester City,26,1993,17.7,42,26,14,20,8,14,49,28.6,35,461,137,29.7,97,232,132,23,1,0,22,11,11,0,Matches
348,Jordan Pickford\Jordan-Pickford,eng ENG,GK,Everton,25,1994,29.0,0,0,0,0,0,0,3,0.0,3,6,3,50.0,6,0,0,0,0,0,0,1,1,0,Matches
349,Brandon Pierrick\Brandon-Pierrick,eng ENG,DF,Crystal Palace,17,2001,0.1,0,0,0,0,0,0,0,,0,0,0,,0,0,0,0,0,0,0,1,0,0,Matches
350,Erik Pieters\Erik-Pieters,nl NED,DF,Burnley,30,1988,13.7,39,28,16,21,2,16,39,41.0,23,225,53,23.6,112,92,21,42,5,0,37,21,72,0,Matches
351,Daniel Podence\Daniel-Podence,pt POR,MFFW,Wolves,23,1995,0.5,0,0,0,0,0,0,1,0.0,1,14,5,35.7,3,8,3,0,0,0,0,1,1,0,Matches
352,Paul Pogba\Paul-Pogba,fr FRA,MF,Manchester Utd,26,1993,5.8,14,9,7,7,0,5,12,41.7,7,92,38,41.3,32,46,14,4,1,0,3,2,8,0,Matches
353,Nick Pope\Nick-Pope,eng ENG,GK,Burnley,27,1992,29.0,0,0,0,0,0,0,1,0.0,1,5,1,20.0,5,0,0,1,0,0,1,1,0,1,Matches
354,Dennis Praet\Dennis-Praet,be BEL,MF,Leicester City,25,1994,10.8,25,17,6,16,3,9,27,33.3,18,264,67,25.4,81,138,45,21,2,0,19,12,13,1,Matches
355,Sebastian Prödl\Sebastian-Prodl,at AUT,DF,Watford,32,1987,0.6,0,0,0,0,0,0,0,,0,3,0,0.0,2,1,0,0,0,0,0,0,4,0,Matches
356,Davy Pröpper\Davy-Propper,nl NED,MF,Brighton,27,1991,26.0,52,36,25,22,5,19,60,31.7,41,420,131,31.2,162,212,46,30,7,0,23,22,34,0,Matches
357,Teemu Pukki\Teemu-Pukki,fi FIN,FW,Norwich City,29,1990,27.6,16,11,3,5,8,2,34,5.9,32,551,145,26.3,41,232,278,21,3,0,18,6,8,0,Matches
358,Christian Pulisic\Christian-Pulisic,us USA,FW,Chelsea,20,1998,12.0,22,13,13,7,2,9,26,34.6,17,264,75,28.4,67,126,71,12,0,0,12,4,6,0,Matches
359,Ignacio Pussetto\Ignacio-Pussetto,ar ARG,FWMF,Watford,23,1995,0.6,6,3,3,2,1,3,8,37.5,5,32,6,18.8,14,17,1,3,1,1,2,3,3,0,Matches
360,Domingos Quina\Domingos-Quina,pt POR,MF,Watford,19,1999,0.2,1,0,1,0,0,1,3,33.3,2,16,3,18.8,5,7,4,2,0,0,2,0,0,0,Matches
361,Aaron Ramsdale\Aaron-Ramsdale,eng ENG,GK,Bournemouth,21,1998,28.0,0,0,0,0,0,0,2,0.0,2,5,0,0.0,5,0,0,1,0,0,1,0,0,1,Matches
362,Darren Randolph\Darren-Randolph,ie IRL,GK,West Ham,32,1987,2.0,0,0,0,0,0,0,0,,0,0,0,,0,0,0,0,0,0,0,0,0,0,Matches
363,Marcus Rashford\Marcus-Rashford,eng ENG,FW,Manchester Utd,21,1997,20.9,10,4,0,6,4,7,20,35.0,13,299,71,23.7,29,134,136,11,0,0,11,6,15,0,Matches
364,Nathan Redmond\Nathan-Redmond,eng ENG,MFFW,Southampton,25,1994,21.8,43,34,13,18,12,15,50,30.0,35,525,152,29.0,128,214,183,27,2,0,25,8,9,0,Matches
365,Pepe Reina\Pepe-Reina,es ESP,GK,Aston Villa,36,1982,6.0,0,0,0,0,0,0,1,0.0,1,4,1,25.0,4,0,0,0,0,0,0,0,1,2,Matches
366,Declan Rice\Declan-Rice,eng ENG,MF,West Ham,20,1999,29.0,93,70,46,43,4,26,81,32.1,55,668,197,29.5,309,315,44,58,7,0,51,61,51,0,Matches
367,Richarlison\Richarlison,br BRA,FW,Everton,22,1997,26.2,56,37,21,23,12,18,51,35.3,33,586,158,27.0,91,275,220,28,5,0,23,10,38,0,Matches
368,Diego Rico\Diego-Rico,es ESP,DF,Bournemouth,26,1993,19.9,46,26,32,13,1,12,36,33.3,24,301,89,29.6,160,98,43,63,5,0,58,63,83,0,Matches
369,Jaïro Riedewald\Jairo-Riedewald,nl NED,DF,Crystal Palace,22,1996,6.8,11,8,5,5,1,7,12,58.3,5,90,31,34.4,45,34,11,9,2,0,7,12,17,0,Matches
370,Matt Ritchie\Matt-Ritchie,sco SCO,DFMF,Newcastle Utd,29,1989,7.9,16,10,6,7,3,1,10,10.0,9,144,33,22.9,58,53,33,14,3,0,11,10,24,0,Matches
371,Roberto\Roberto,es ESP,GK,West Ham,33,1986,7.6,0,0,0,0,0,0,0,,0,0,0,,0,0,0,0,0,0,0,0,0,0,Matches
372,Patrick Roberts\Patrick-Roberts,eng ENG,MFFW,Norwich City,22,1997,0.3,0,0,0,0,0,0,0,,0,4,1,25.0,2,2,0,0,0,0,0,0,0,0,Matches
373,Andrew Robertson\Andrew-Robertson,sco SCO,DF,Liverpool,25,1994,27.2,54,29,15,24,15,28,56,50.0,28,323,111,34.4,114,121,88,50,6,0,44,31,72,0,Matches
374,Callum Robinson\Callum-Robinson,ie IRL,FW,Sheffield Utd,24,1995,7.5,4,4,1,1,2,1,4,25.0,3,178,50,28.1,29,80,69,4,0,0,4,5,2,0,Matches
375,Rodri\Rodri,es ESP,MFDF,Manchester City,23,1996,21.7,54,38,20,26,8,21,53,39.6,32,372,107,28.8,121,200,51,20,6,0,14,24,51,0,Matches
376,Jay Rodriguez\Jay-Rodriguez,eng ENG,FW,Burnley,30,1989,15.3,27,14,7,13,7,4,33,12.1,29,469,125,26.7,62,203,204,33,9,0,24,5,3,0,Matches
377,Marcos Rojo\Marcos-Rojo,ar ARG,DF,Manchester Utd,29,1990,1.3,2,1,1,1,0,0,3,0.0,3,16,4,25.0,6,9,1,1,1,0,0,0,9,0,Matches
378,Oriol Romeu\Oriol-Romeu,es ESP,MF,Southampton,27,1991,14.5,46,31,18,24,4,25,70,35.7,45,352,108,30.7,138,174,40,40,9,0,31,21,41,0,Matches
379,Danny Rose\Danny-Rose,eng ENG,DF,Newcastle Utd,29,1990,3.9,9,5,4,5,0,3,8,37.5,5,39,10,25.6,24,12,3,5,1,0,4,3,8,0,Matches
380,Danny Rose\Danny-Rose,eng ENG,DF,Tottenham,29,1990,9.9,16,13,5,7,4,7,17,41.2,10,103,34,33.0,47,35,21,23,7,0,16,7,34,0,Matches
381,Antonio Rüdiger\Antonio-Rudiger,de GER,DF,Chelsea,26,1993,12.5,26,16,16,9,1,9,14,64.3,5,99,33,33.3,64,33,2,23,7,0,16,6,74,0,Matches
382,Lukas Rupp\Lukas-Rupp,de GER,FW,Norwich City,28,1991,3.8,3,1,2,1,0,1,10,10.0,9,98,26,26.5,42,45,11,6,1,0,5,8,1,0,Matches
383,Mathew Ryan\Mathew-Ryan,au AUS,GK,Brighton,27,1992,29.0,0,0,0,0,0,0,4,0.0,4,8,3,37.5,8,0,0,0,0,0,0,1,2,2,Matches
384,Allan Saint-Maximin\Allan-Saint-Maximin,fr FRA,MFFW,Newcastle Utd,22,1997,14.2,11,5,8,1,2,4,16,25.0,12,189,45,23.8,56,77,56,20,3,0,17,8,2,0,Matches
385,Romain Saïss\Romain-Saiss,ma MAR,DF,Wolves,29,1990,22.1,51,22,35,16,0,19,36,52.8,17,275,92,33.5,175,93,7,43,17,0,26,34,160,1,Matches
386,Bukayo Saka\Bukayo-Saka,eng ENG,DFFW,Arsenal,17,2001,13.0,30,18,17,9,4,12,29,41.4,17,208,62,29.8,85,74,49,16,4,0,12,7,16,0,Matches
387,Mamadou Sakho\Mamadou-Sakho,fr FRA,DFMF,Crystal Palace,29,1990,5.2,5,3,3,1,1,0,2,0.0,2,21,6,28.6,17,4,0,5,1,0,4,12,32,0,Matches
388,Mohamed Salah\Mohamed-Salah,eg EGY,FW,Liverpool,27,1992,25.0,18,11,3,4,11,4,25,16.0,21,469,150,32.0,42,139,288,11,2,0,9,7,1,0,Matches
389,Mbwana Samatta\Mbwana-Samatta,tz TAN,FW,Aston Villa,26,1992,3.9,3,2,0,3,0,0,4,0.0,4,74,20,27.0,3,32,39,5,1,0,4,0,1,0,Matches
390,Carlos Sánchez\Carlos-Sanchez,co COL,MFDF,West Ham,33,1986,1.3,2,1,0,2,0,1,1,100.0,0,26,6,23.1,6,18,2,2,0,0,2,2,5,0,Matches
391,Davinson Sánchez\Davinson-Sanchez,co COL,DF,Tottenham,23,1996,21.0,45,32,34,11,0,17,48,35.4,31,229,85,37.1,157,66,6,45,20,0,25,29,140,1,Matches
392,Ismaila Sarr\Ismaila-Sarr,sn SEN,FWMF,Watford,21,1998,13.6,18,14,9,5,4,2,14,14.3,12,282,70,24.8,70,124,88,11,3,0,8,9,5,0,Matches
393,Fabian Schär\Fabian-Schar,ch SUI,DF,Newcastle Utd,27,1991,15.5,46,27,33,11,2,21,40,52.5,19,190,53,27.9,130,52,8,39,20,1,19,42,98,2,Matches
394,Ezequiel Schelotto\Ezequiel-Schelotto,it ITA,DF,Brighton,30,1989,3.2,5,4,4,0,1,0,3,0.0,3,41,13,31.7,23,12,6,7,0,0,7,6,17,0,Matches
395,Jeffrey Schlupp\Jeffrey-Schlupp,gh GHA,MFDF,Crystal Palace,26,1992,9.5,19,6,11,8,0,3,13,23.1,10,129,32,24.8,50,60,19,20,3,0,17,10,14,0,Matches
396,Kasper Schmeichel\Kasper-Schmeichel,dk DEN,GK,Leicester City,32,1986,29.0,0,0,0,0,0,0,1,0.0,1,5,2,40.0,5,0,0,0,0,0,0,0,0,0,Matches
397,Morgan Schneiderlin\Morgan-Schneiderlin,fr FRA,MF,Everton,29,1989,11.1,32,19,14,16,2,9,34,26.5,25,230,58,25.2,89,122,19,22,3,0,19,21,24,0,Matches
398,Ryan Sessegnon\Ryan-Sessegnon,eng ENG,DF,Tottenham,19,2000,3.8,5,0,2,3,0,2,5,40.0,3,51,11,21.6,21,19,11,4,0,0,4,1,15,0,Matches
399,Xherdan Shaqiri\Xherdan-Shaqiri,ch SUI,FW,Liverpool,27,1991,1.9,1,0,0,1,0,0,0,,0,39,12,30.8,11,13,15,0,0,0,0,0,0,0,Matches
400,Billy Sharp\Billy-Sharp,eng ENG,FW,Sheffield Utd,33,1986,7.4,8,4,3,2,3,0,3,0.0,3,152,34,22.4,10,68,74,2,0,0,2,1,0,0,Matches
401,Luke Shaw\Luke-Shaw,eng ENG,DF,Manchester Utd,24,1995,13.7,27,21,15,8,4,12,27,44.4,15,221,70,31.7,101,93,27,38,7,0,31,16,49,0,Matches
402,Jonjo Shelvey\Jonjo-Shelvey,eng ENG,MF,Newcastle Utd,27,1992,14.9,22,10,11,11,0,7,26,26.9,19,294,62,21.1,135,143,16,20,5,0,15,19,35,0,Matches
403,Djibril Sidibé\Djibril-Sidibe,fr FRA,DF,Everton,27,1992,18.2,83,39,47,21,15,34,72,47.2,38,370,109,29.5,186,125,59,32,2,0,30,39,41,0,Matches
404,Gylfi Sigurðsson\Gylfi-Sigurdsson,is ISL,MF,Everton,29,1989,22.2,51,39,11,27,13,22,75,29.3,53,564,139,24.6,133,299,132,34,1,0,33,24,12,1,Matches
405,Bernardo Silva\Bernardo-Silva,pt POR,FWMF,Manchester City,24,1994,16.6,29,20,12,9,8,10,38,26.3,28,323,95,29.4,50,142,131,30,1,0,29,18,9,0,Matches
406,David Silva\David-Silva,es ESP,MF,Manchester City,33,1986,14.0,19,10,3,9,7,10,24,41.7,14,230,70,30.4,25,108,97,13,1,0,12,7,5,0,Matches
407,Jack Simpson\Jack-Simpson,eng ENG,DF,Bournemouth,22,1997,2.6,5,2,5,0,0,2,6,33.3,4,32,4,12.5,17,13,2,2,0,0,2,2,13,1,Matches
408,Moussa Sissoko\Moussa-Sissoko,fr FRA,MF,Tottenham,29,1989,18.8,36,23,22,13,1,12,36,33.3,24,340,92,27.1,171,131,38,29,3,0,26,14,30,0,Matches
409,Oliver Skipp\Oliver-Skipp,eng ENG,MFDF,Tottenham,18,2000,0.6,2,1,1,1,0,1,2,50.0,1,28,5,17.9,12,13,3,2,1,0,1,0,0,0,Matches
410,William Smallbone\William-Smallbone,ie IRL,MF,Southampton,19,2000,1.8,4,2,1,2,1,2,7,28.6,5,34,13,38.2,7,16,11,5,1,0,4,1,0,0,Matches
411,Adam Smith\Adam-Smith,eng ENG,DF,Bournemouth,28,1991,17.3,41,24,25,12,4,19,42,45.2,23,319,82,25.7,149,120,50,46,5,1,41,20,48,0,Matches
412,Emile Smith-Rowe\Emile-Smith-Rowe,eng ENG,MF,Arsenal,19,2000,1.1,1,1,1,0,0,1,3,33.3,2,22,7,31.8,6,10,6,1,0,0,1,1,3,0,Matches
413,Robert Snodgrass\Robert-Snodgrass,sco SCO,MFFW,West Ham,31,1987,16.8,27,10,17,9,1,10,40,25.0,30,367,90,24.5,118,185,64,21,2,0,19,5,16,0,Matches
414,Cédric Soares\Cedric-Soares,pt POR,DF,Southampton,27,1991,14.5,46,24,22,21,3,18,38,47.4,20,298,92,30.9,144,114,40,37,4,0,33,18,59,0,Matches
415,Dominic Solanke\Dominic-Solanke,eng ENG,FWMF,Bournemouth,21,1997,13.1,10,10,2,8,0,2,23,8.7,21,499,116,23.2,68,254,177,13,4,0,9,6,16,0,Matches
416,Tomáš Souček\Tomas-Soucek,cz CZE,MF,West Ham,24,1995,2.6,10,5,5,5,0,1,4,25.0,3,98,19,19.4,38,42,18,8,1,0,7,8,15,0,Matches
417,Çağlar Söyüncü\Caglar-Soyuncu,tr TUR,DF,Leicester City,23,1996,28.0,61,38,40,20,1,24,44,54.5,20,253,101,39.9,159,89,5,40,18,2,22,35,197,1,Matches
418,Dennis Srbeny\Dennis-Srbeny,de GER,MFFW,Norwich City,25,1994,0.4,5,4,3,2,0,1,3,33.3,2,20,9,45.0,4,9,7,0,0,0,0,0,1,0,Matches
419,Jack Stacey\Jack-Stacey,eng ENG,DF,Bournemouth,23,1996,11.9,16,9,10,4,2,4,16,25.0,12,158,36,22.8,85,44,29,34,9,0,25,15,42,0,Matches
420,Junior Stanislas\Junior-Stanislas,eng ENG,MFFW,Bournemouth,29,1989,2.5,2,2,0,1,1,0,2,0.0,2,35,9,25.7,13,14,8,5,0,0,5,2,1,0,Matches
421,Jed Steer\Jed-Steer,eng ENG,GK,Aston Villa,26,1992,0.1,0,0,0,0,0,0,0,,0,0,0,,0,0,0,0,0,0,0,0,0,0,Matches
422,Dale Stephens\Dale-Stephens,eng ENG,MF,Brighton,30,1989,21.6,61,30,22,32,7,16,55,29.1,39,366,114,31.1,151,183,32,31,10,0,21,45,39,3,Matches
423,Jack Stephens\Jack-Stephens,eng ENG,DF,Southampton,25,1994,20.3,43,26,32,10,1,17,41,41.5,24,179,66,36.9,116,55,8,45,20,0,25,21,143,2,Matches
424,Raheem Sterling\Raheem-Sterling,eng ENG,FW,Manchester City,24,1994,22.5,31,21,7,13,11,9,29,31.0,20,347,109,31.4,63,144,140,21,3,0,18,10,7,0,Matches
425,Enda Stevens\Enda-Stevens,ie IRL,DF,Sheffield Utd,29,1990,27.2,59,35,33,20,6,14,51,27.5,37,476,121,25.4,224,170,82,58,5,0,53,31,67,1,Matches
426,Marco Stiepermann\Marco-Stiepermann,de GER,MF,Norwich City,28,1991,10.4,15,6,6,7,2,5,18,27.8,13,221,45,20.4,34,119,68,12,3,0,9,5,10,0,Matches
427,John Stones\John-Stones,eng ENG,DF,Manchester City,25,1994,10.1,17,12,8,7,2,4,8,50.0,4,75,34,45.3,39,31,5,12,1,0,11,8,28,1,Matches
428,Isaac Success\Isaac-Success,ng NGA,FWMF,Watford,23,1996,0.7,0,0,0,0,0,0,0,,0,14,2,14.3,0,3,11,0,0,0,0,1,0,0,Matches
429,Ki Sung-yueng\Ki-Sung-yueng,kr KOR,MF,Newcastle Utd,30,1989,1.5,1,1,1,0,0,0,2,0.0,2,39,4,10.3,21,15,3,1,0,0,1,2,3,0,Matches
430,Andrew Surman\Andrew-Surman,eng ENG,MF,Bournemouth,32,1986,2.6,5,2,2,3,0,3,4,75.0,1,45,11,24.4,19,20,6,4,0,0,4,1,5,0,Matches
431,Sam Surridge\Sam-Surridge,eng ENG,FW,Bournemouth,21,1998,0.2,0,0,0,0,0,0,0,,0,4,2,50.0,0,2,2,0,0,0,0,0,0,0,Matches
432,Japhet Tanganga\Japhet-Tanganga,eng ENG,DF,Tottenham,20,1999,5.8,20,15,14,5,1,9,19,47.4,10,95,30,31.6,52,38,5,12,5,1,7,11,33,1,Matches
433,Matt Targett\Matt-Targett,eng ENG,DF,Aston Villa,23,1995,18.8,40,25,26,11,3,15,44,34.1,29,285,87,30.5,140,111,34,46,8,0,38,46,64,1,Matches
434,James Tarkowski\James-Tarkowski,eng ENG,DF,Burnley,26,1992,29.0,60,43,42,18,0,21,40,52.5,19,244,74,30.3,172,64,8,62,35,0,27,47,257,1,Matches
435,Charlie Taylor\Charlie-Taylor,eng ENG,DF,Burnley,25,1993,15.3,33,13,19,12,2,14,28,50.0,14,171,54,31.6,86,68,17,43,2,0,41,24,73,1,Matches
436,Neil Taylor\Neil-Taylor,wal WAL,DF,Aston Villa,30,1989,8.8,12,6,9,3,0,6,16,37.5,10,96,25,26.0,50,40,6,32,5,0,27,9,22,0,Matches
437,Alexander Tettey\Alexander-Tettey,no NOR,MFDF,Norwich City,33,1986,19.9,22,13,7,13,2,9,33,27.3,24,318,76,23.9,148,152,18,34,14,0,20,35,58,0,Matches
438,Youri Tielemans\Youri-Tielemans,be BEL,MF,Leicester City,22,1997,23.9,34,20,7,18,9,10,53,18.9,43,491,119,24.2,120,263,108,33,4,0,29,24,21,0,Matches
439,Kieran Tierney\Kieran-Tierney,sco SCO,DF,Arsenal,22,1997,3.3,7,4,6,1,0,4,6,66.7,2,57,16,28.1,33,19,5,10,2,0,8,3,17,0,Matches
440,James Tomkins\James-Tomkins,eng ENG,DF,Crystal Palace,30,1989,17.6,30,14,23,7,0,12,18,66.7,6,138,45,32.6,98,35,5,33,15,0,18,23,138,0,Matches
441,Fikayo Tomori\Fikayo-Tomori,eng ENG,DF,Chelsea,21,1997,14.4,30,15,19,10,1,7,13,53.8,6,149,48,32.2,82,64,3,29,9,0,20,20,93,2,Matches
442,Lucas Torreira\Lucas-Torreira,uy URU,MF,Arsenal,23,1996,15.2,36,24,17,15,4,12,34,35.3,22,373,95,25.5,143,185,45,26,8,0,18,28,28,1,Matches
443,Cenk Tosun\Cenk-Tosun,tr TUR,FW,Everton,28,1991,3.2,2,0,0,0,2,0,2,0.0,2,54,16,29.6,1,21,32,2,1,0,1,0,1,0,Matches
444,Cenk Tosun\Cenk-Tosun,tr TUR,FW,Crystal Palace,28,1991,2.0,2,2,2,0,0,0,0,,0,70,11,15.7,16,41,13,3,0,0,3,0,1,0,Matches
445,Andros Townsend\Andros-Townsend,eng ENG,MF,Crystal Palace,28,1991,8.8,18,9,9,6,3,6,18,33.3,12,196,42,21.4,73,85,38,13,0,0,13,10,5,0,Matches
446,Adama Traoré\Adama-Traore,es ESP,FWDF,Wolves,23,1996,23.0,38,22,14,12,12,10,23,43.5,13,344,88,25.6,84,167,93,26,4,0,22,17,21,0,Matches
447,Mark Travers\Mark-Travers,ie IRL,GK,Bournemouth,20,1999,1.0,0,0,0,0,0,0,0,,0,0,0,,0,0,0,0,0,0,0,0,0,1,Matches
448,Trézéguet\Trezeguet,eg EGY,FWMF,Aston Villa,24,1994,14.7,29,18,15,9,5,5,25,20.0,20,353,91,25.8,113,155,85,31,1,0,30,17,14,0,Matches
449,Leandro Trossard\Leandro-Trossard,be BEL,FWMF,Brighton,24,1994,16.0,22,11,10,10,2,7,30,23.3,23,280,76,27.1,42,132,106,19,0,0,19,6,4,0,Matches
450,Tom Trybull\Tom-Trybull,de GER,MF,Norwich City,26,1993,11.4,46,29,26,15,5,18,60,30.0,42,373,104,27.9,168,188,17,18,6,0,12,13,37,0,Matches
451,Axel Tuanzebe\Axel-Tuanzebe,eng ENG,DF,Manchester Utd,21,1997,2.1,3,3,0,3,0,0,1,0.0,1,30,8,26.7,12,14,4,7,0,0,7,5,6,1,Matches
452,Yan Valery\Yan-Valery,fr FRA,DF,Southampton,20,1999,7.2,18,12,10,5,3,4,17,23.5,13,147,41,27.9,74,45,28,18,2,0,16,9,36,2,Matches
453,Jesús Vallejo\Jesus-Vallejo,es ESP,DF,Wolves,22,1997,1.8,4,3,4,0,0,1,3,33.3,2,20,6,30.0,8,10,2,4,3,0,1,1,13,0,Matches
454,Jamie Vardy\Jamie-Vardy,eng ENG,FW,Leicester City,32,1987,24.7,11,8,0,5,6,1,4,25.0,3,400,111,27.8,3,153,244,18,3,0,15,2,15,0,Matches
455,Indiana Vassilev\Indiana-Vassilev,us USA,FW,Aston Villa,18,2001,0.4,1,1,0,1,0,0,0,,0,17,7,41.2,0,6,11,0,0,0,0,0,0,0,Matches
456,Jan Vertonghen\Jan-Vertonghen,be BEL,DF,Tottenham,32,1987,17.2,30,20,16,13,1,9,19,47.4,10,151,49,32.5,96,49,6,27,10,0,17,29,103,0,Matches
457,Jannik Vestergaard\Jannik-Vestergaard,dk DEN,DF,Southampton,26,1992,12.6,22,10,16,5,1,8,24,33.3,16,113,40,35.4,72,40,1,17,6,0,11,15,118,1,Matches
458,Rúben Vinagre\Ruben-Vinagre,pt POR,DF,Wolves,20,1999,5.9,23,12,16,5,2,10,15,66.7,5,98,34,34.7,53,34,11,20,2,0,18,6,17,0,Matches
459,Mario Vrančić\Mario-Vrancic,ba BIH,MF,Norwich City,30,1989,4.2,20,9,10,9,1,10,19,52.6,9,85,20,23.5,36,36,13,9,1,0,8,6,4,1,Matches
460,Matěj Vydra\Matej-Vydra,cz CZE,FW,Burnley,27,1992,3.7,0,0,0,0,0,0,2,0.0,2,99,24,24.2,11,32,56,6,1,0,5,0,2,0,Matches
461,Theo Walcott\Theo-Walcott,eng ENG,MFFW,Everton,30,1989,11.9,12,7,7,3,2,3,10,30.0,7,164,41,25.0,42,74,48,13,1,0,12,6,4,0,Matches
462,Kyle Walker\Kyle-Walker,eng ENG,DF,Manchester City,29,1990,20.1,25,16,9,15,1,14,25,56.0,11,214,79,36.9,76,100,38,25,3,0,22,21,54,0,Matches
463,Kyle Walker-Peters\Kyle-Walker-Peters,eng ENG,DF,Tottenham,22,1997,2.7,5,3,5,0,0,1,5,20.0,4,36,12,33.3,19,11,6,6,2,0,4,2,9,0,Matches
464,Kyle Walker-Peters\Kyle-Walker-Peters,eng ENG,DF,Southampton,22,1997,0.8,1,0,1,0,0,1,5,20.0,4,13,3,23.1,8,4,1,1,0,0,1,1,4,0,Matches
465,Aaron Wan-Bissaka\Aaron-Wan-Bissaka,eng ENG,DF,Manchester Utd,21,1997,25.9,109,49,69,33,7,40,67,59.7,27,499,141,28.3,260,180,59,87,12,0,75,51,84,0,Matches
466,Victor Wanyama\Victor-Wanyama,ke KEN,MF,Tottenham,28,1991,0.3,1,0,0,1,0,0,0,,0,6,0,0.0,2,3,1,0,0,0,0,0,1,0,Matches
467,Joel Ward\Joel-Ward,eng ENG,DF,Crystal Palace,29,1989,17.5,41,20,29,9,3,12,26,46.2,14,206,56,27.2,137,50,19,31,2,0,29,35,64,1,Matches
468,James Ward-Prowse\James-Ward-Prowse,eng ENG,MFDF,Southampton,24,1994,29.0,79,44,29,41,9,32,92,34.8,60,679,191,28.1,245,326,108,50,10,0,40,34,84,1,Matches
469,Adam Webster\Adam-Webster,eng ENG,DF,Brighton,24,1995,22.4,27,19,19,8,0,11,24,45.8,13,183,72,39.3,120,58,5,51,21,0,30,36,138,3,Matches
470,Danny Welbeck\Danny-Welbeck,eng ENG,FWMF,Watford,28,1990,3.1,6,5,1,4,1,1,3,33.3,2,72,26,36.1,11,31,30,2,0,0,2,0,1,0,Matches
471,Ashley Westwood\Ashley-Westwood,eng ENG,MF,Burnley,29,1990,26.0,38,24,14,17,7,16,50,32.0,34,493,118,23.9,165,250,78,36,8,0,28,23,29,0,Matches
472,Connor Wickham\Connor-Wickham,eng ENG,FWMF,Crystal Palace,26,1993,1.0,2,2,1,1,0,0,0,,0,28,10,35.7,3,13,12,3,1,0,2,0,1,0,Matches
473,Georginio Wijnaldum\Georginio-Wijnaldum,nl NED,MF,Liverpool,28,1990,25.9,28,23,10,13,5,5,24,20.8,19,400,125,31.3,108,207,85,27,4,0,23,15,27,0,Matches
474,Jetro Willems\Jetro-Willems,nl NED,DF,Newcastle Utd,25,1994,16.6,32,19,27,4,1,10,32,31.3,22,230,65,28.3,140,66,24,32,7,0,25,16,49,0,Matches
475,Brandon Williams\Brandon-Williams,eng ENG,DF,Manchester Utd,18,2000,8.4,12,2,7,3,2,4,19,21.1,15,132,31,23.5,56,49,27,24,2,0,22,7,17,0,Matches
476,Willian\Willian,br BRA,FW,Chelsea,30,1988,21.4,37,24,10,21,6,9,38,23.7,29,435,129,29.7,78,219,138,17,0,0,17,18,10,0,Matches
477,Joe Willock\Joe-Willock,eng ENG,MF,Arsenal,19,1999,6.4,16,10,4,6,6,3,14,21.4,11,170,51,30.0,58,81,31,10,3,1,7,1,9,0,Matches
478,Jack Wilshere\Jack-Wilshere,eng ENG,MF,West Ham,27,1992,1.9,1,0,0,1,0,1,6,16.7,5,56,18,32.1,12,30,14,6,0,0,6,0,1,0,Matches
479,Callum Wilson\Callum-Wilson,eng ENG,FW,Bournemouth,27,1992,26.1,12,10,2,5,5,1,14,7.1,13,629,164,26.1,52,273,304,13,2,0,11,3,13,0,Matches
480,Harry Wilson\Harry-Wilson,wal WAL,MFFW,Bournemouth,22,1997,16.1,22,10,5,11,6,12,34,35.3,22,357,83,23.2,119,169,69,32,2,0,30,9,18,0,Matches
481,Harry Winks\Harry-Winks,eng ENG,MF,Tottenham,23,1996,17.7,35,20,17,18,0,17,46,37.0,29,350,114,32.6,158,159,33,27,8,0,19,23,22,0,Matches
482,Chris Wood\Chris-Wood,nz NZL,FW,Burnley,27,1991,23.0,9,6,1,3,5,4,17,23.5,13,371,83,22.4,19,141,211,16,4,0,12,3,15,0,Matches
483,Granit Xhaka\Granit-Xhaka,ch SUI,MF,Arsenal,26,1992,21.2,37,20,21,14,2,17,41,41.5,24,316,91,28.8,121,165,30,39,12,1,27,15,71,0,Matches
484,Andriy Yarmolenko\Andriy-Yarmolenko,ua UKR,MF,West Ham,29,1989,9.2,12,8,5,6,1,4,19,21.1,15,145,43,29.7,34,68,43,8,1,0,7,4,4,0,Matches
485,DeAndre Yedlin\DeAndre-Yedlin,us USA,DF,Newcastle Utd,26,1993,8.6,16,12,11,4,1,4,12,33.3,8,159,33,20.8,85,42,32,18,4,2,14,5,19,0,Matches
486,Maya Yoshida\Maya-Yoshida,jp JPN,DF,Southampton,30,1988,6.2,7,5,4,0,3,2,6,33.3,4,43,12,27.9,27,16,0,11,4,0,7,3,41,1,Matches
487,Ashley Young\Ashley-Young,eng ENG,DF,Manchester Utd,34,1985,10.6,10,4,4,3,3,2,21,9.5,19,119,35,29.4,47,57,15,24,2,0,22,10,30,0,Matches
488,Pablo Zabaleta\Pablo-Zabaleta,ar ARG,DF,West Ham,34,1985,6.5,15,10,9,5,1,4,15,26.7,11,93,27,29.0,53,25,15,16,3,0,13,13,20,0,Matches
489,Wilfried Zaha\Wilfried-Zaha,ci CIV,MFFW,Crystal Palace,26,1992,28.3,38,25,14,12,12,9,38,23.7,29,654,195,29.8,195,278,181,28,2,0,26,14,3,0,Matches
490,Christoph Zimmermann\Christoph-Zimmermann,de GER,DF,Norwich City,26,1993,14.4,29,19,21,7,1,16,20,80.0,4,111,35,31.5,82,28,1,25,16,1,9,16,111,1,Matches
491,Oleksandr Zinchenko\Oleksandr-Zinchenko,ua UKR,DF,Manchester City,22,1996,10.1,22,12,12,9,1,12,30,40.0,18,111,34,30.6,39,47,25,13,0,0,13,11,23,0,Matches
492,Kurt Zouma\Kurt-Zouma,fr FRA,DF,Chelsea,24,1994,20.0,27,14,23,4,0,3,8,37.5,5,143,44,30.8,81,59,3,29,12,0,17,40,136,3,Matches